['COUNTER', 'AF3', 'F7', 'F3', 'FC5', 'T7', 'P7', 'O1', 'O2', 'P8', 'T8', 'FC6', 'F4', 'F8', 'AF4', 'GYROX', 'GYROY', 'TIMESTAMP', 'FUNC_ID', 'FUNC_VALUE', 'MARKER', 'SYNC_SIGNAL']
73.0 , 4490.76923077 , 4386.66666667 , 4424.61538462 , 3667.17948718 , 4384.1025641 , 4485.12820513 , 4484.1025641 , 4582.56410256 , 3931.28205128 , 4105.64102564 , 4246.66666667 , 4316.41025641 , 3963.07692308 , 3997.43589744 , 1725.0 , 1683.0 , 1.046 , 0.0 , 0.0 , 0.0 , 0.0 , 

74.0 , 4476.92307692 , 4386.66666667 , 4426.15384615 , 3668.71794872 , 4385.12820513 , 4492.30769231 , 4495.38461538 , 4588.71794872 , 3933.33333333 , 4105.64102564 , 4250.25641026 , 4317.43589744 , 3966.15384615 , 3994.87179487 , 1726.0 , 1683.0 , 1.062 , 0.0 , 0.0 , 0.0 , 0.0 , 

75.0 , 4477.43589744 , 4386.66666667 , 4422.05128205 , 3666.15384615 , 4386.66666667 , 4492.82051282 , 4492.30769231 , 4586.15384615 , 3930.76923077 , 4105.64102564 , 4249.23076923 , 4314.35897436 , 3962.05128205 , 3997.94871795 , 1725.0 , 1684.0 , 1.062 , 0.0 , 0.0 , 0.0 , 0.0 , 

76.0 , 4476.41025641 , 4386.66666667 , 4417.43589744 , 3663.07692308 , 4386.15384615 , 4483.07692308 , 4481.53846154 , 4581.53846154 , 3926.15384615 , 4105.64102564 , 4247.69230769 , 4312.82051282 , 3960.0 , 3995.38461538 , 1726.0 , 1683.0 , 1.078 , 0.0 , 0.0 , 0.0 , 0.0 , 

77.0 , 4476.41025641 , 4386.66666667 , 4416.41025641 , 3664.61538462 , 4384.1025641 , 4485.12820513 , 4484.1025641 , 4582.56410256 , 3922.05128205 , 4105.64102564 , 4248.71794872 , 4315.38461538 , 3963.58974359 , 3993.33333333 , 1726.0 , 1683.0 , 1.078 , 0.0 , 0.0 , 0.0 , 0.0 , 

78.0 , 4476.92307692 , 4386.66666667 , 4415.38461538 , 3666.66666667 , 4384.1025641 , 4496.41025641 , 4491.28205128 , 4585.64102564 , 3921.53846154 , 4105.64102564 , 4252.82051282 , 4317.94871795 , 3968.20512821 , 3994.35897436 , 1727.0 , 1683.0 , 1.093 , 0.0 , 0.0 , 0.0 , 0.0 , 

79.0 , 4485.12820513 , 4386.66666667 , 4418.97435897 , 3665.64102564 , 4383.58974359 , 4498.46153846 , 4493.33333333 , 4588.20512821 , 3927.69230769 , 4105.64102564 , 4256.92307692 , 4318.46153846 , 3975.38461538 , 3996.92307692 , 1727.0 , 1681.0 , 1.093 , 0.0 , 0.0 , 0.0 , 0.0 , 

80.0 , 4494.35897436 , 4386.66666667 , 4424.1025641 , 3663.07692308 , 4383.07692308 , 4496.92307692 , 4494.87179487 , 4589.23076923 , 3932.82051282 , 4105.64102564 , 4256.41025641 , 4317.43589744 , 3977.43589744 , 3998.46153846 , 1728.0 , 1682.0 , 1.109 , 0.0 , 0.0 , 0.0 , 0.0 , 

81.0 , 4486.15384615 , 4386.66666667 , 4430.25641026 , 3666.66666667 , 4382.05128205 , 4503.58974359 , 4495.8974359 , 4588.20512821 , 3930.25641026 , 4105.64102564 , 4253.84615385 , 4317.94871795 , 3972.82051282 , 4002.56410256 , 1728.0 , 1679.0 , 1.109 , 0.0 , 0.0 , 0.0 , 0.0 , 

82.0 , 4482.56410256 , 4386.66666667 , 4436.41025641 , 3671.28205128 , 4382.05128205 , 4505.12820513 , 4498.46153846 , 4587.17948718 , 3924.61538462 , 4105.64102564 , 4252.82051282 , 4316.41025641 , 3974.35897436 , 4006.66666667 , 1727.0 , 1681.0 , 1.125 , 0.0 , 0.0 , 0.0 , 0.0 , 

83.0 , 4499.48717949 , 4386.15384615 , 4435.38461538 , 3673.84615385 , 4382.05128205 , 4506.15384615 , 4502.56410256 , 4589.23076923 , 3926.15384615 , 4105.64102564 , 4251.79487179 , 4311.28205128 , 3977.94871795 , 4006.15384615 , 1728.0 , 1680.0 , 1.125 , 0.0 , 0.0 , 0.0 , 0.0 , 

84.0 , 4507.17948718 , 4386.66666667 , 4430.76923077 , 3670.76923077 , 4383.07692308 , 4510.25641026 , 4502.56410256 , 4593.33333333 , 3933.33333333 , 4105.64102564 , 4255.38461538 , 4309.23076923 , 3977.94871795 , 4004.1025641 , 1727.0 , 1680.0 , 1.14 , 0.0 , 0.0 , 0.0 , 0.0 , 

85.0 , 4488.71794872 , 4387.69230769 , 4429.23076923 , 3667.17948718 , 4383.07692308 , 4505.12820513 , 4496.92307692 , 4589.23076923 , 3932.30769231 , 4105.64102564 , 4256.92307692 , 4309.23076923 , 3972.82051282 , 4002.56410256 , 1728.0 , 1679.0 , 1.156 , 0.0 , 0.0 , 0.0 , 0.0 , 

86.0 , 4466.66666667 , 4388.20512821 , 4431.79487179 , 3667.69230769 , 4383.58974359 , 4495.8974359 , 4494.87179487 , 4583.58974359 , 3926.15384615 , 4105.64102564 , 4252.82051282 , 4310.76923077 , 3966.66666667 , 4001.53846154 , 1727.0 , 1679.0 , 1.156 , 0.0 , 0.0 , 0.0 , 0.0 , 

87.0 , 4475.38461538 , 4388.20512821 , 4435.38461538 , 3674.87179487 , 4383.58974359 , 4503.58974359 , 4504.1025641 , 4591.28205128 , 3931.28205128 , 4105.64102564 , 4252.82051282 , 4313.84615385 , 3975.8974359 , 4008.20512821 , 1727.0 , 1678.0 , 1.156 , 0.0 , 0.0 , 0.0 , 0.0 , 

88.0 , 4500.51282051 , 4388.20512821 , 4432.82051282 , 3676.41025641 , 4382.56410256 , 4505.64102564 , 4503.58974359 , 4594.35897436 , 3937.43589744 , 4105.64102564 , 4255.8974359 , 4313.33333333 , 3987.69230769 , 4014.87179487 , 1725.0 , 1679.0 , 1.171 , 0.0 , 0.0 , 0.0 , 0.0 , 

89.0 , 4504.1025641 , 4388.20512821 , 4429.23076923 , 3672.82051282 , 4383.07692308 , 4497.43589744 , 4497.43589744 , 4588.71794872 , 3939.48717949 , 4105.64102564 , 4252.82051282 , 4312.82051282 , 3979.48717949 , 4009.74358974 , 1725.0 , 1678.0 , 1.171 , 0.0 , 0.0 , 0.0 , 0.0 , 

90.0 , 4495.8974359 , 4388.20512821 , 4431.28205128 , 3674.87179487 , 4384.61538462 , 4498.46153846 , 4501.53846154 , 4590.76923077 , 3938.46153846 , 4105.64102564 , 4250.25641026 , 4313.84615385 , 3969.74358974 , 4001.53846154 , 1725.0 , 1678.0 , 1.187 , 0.0 , 0.0 , 0.0 , 0.0 , 

91.0 , 4497.43589744 , 4388.20512821 , 4433.33333333 , 3673.84615385 , 4387.69230769 , 4502.56410256 , 4505.12820513 , 4594.35897436 , 3932.82051282 , 4105.64102564 , 4252.82051282 , 4312.30769231 , 3978.97435897 , 4008.71794872 , 1724.0 , 1679.0 , 1.187 , 0.0 , 0.0 , 0.0 , 0.0 , 

92.0 , 4497.94871795 , 4388.20512821 , 4430.25641026 , 3667.17948718 , 4389.23076923 , 4502.05128205 , 4500.0 , 4591.79487179 , 3932.30769231 , 4105.64102564 , 4252.82051282 , 4312.30769231 , 3986.15384615 , 4020.51282051 , 1725.0 , 1678.0 , 1.203 , 0.0 , 0.0 , 0.0 , 0.0 , 

93.0 , 4494.87179487 , 4388.20512821 , 4431.79487179 , 3667.17948718 , 4386.15384615 , 4502.05128205 , 4497.94871795 , 4592.82051282 , 3941.02564103 , 4105.64102564 , 4252.82051282 , 4315.38461538 , 3986.15384615 , 4017.94871795 , 1724.0 , 1679.0 , 1.203 , 0.0 , 0.0 , 0.0 , 0.0 , 

94.0 , 4480.51282051 , 4388.20512821 , 4432.82051282 , 3668.71794872 , 4382.05128205 , 4500.0 , 4495.38461538 , 4591.28205128 , 3934.87179487 , 4105.64102564 , 4253.84615385 , 4311.28205128 , 3982.56410256 , 4006.66666667 , 1724.0 , 1678.0 , 1.218 , 0.0 , 0.0 , 0.0 , 0.0 , 

95.0 , 4470.25641026 , 4388.20512821 , 4428.20512821 , 3666.15384615 , 4381.53846154 , 4497.43589744 , 4490.25641026 , 4586.15384615 , 3920.0 , 4105.64102564 , 4252.30769231 , 4309.23076923 , 3975.8974359 , 4003.07692308 , 1725.0 , 1678.0 , 1.234 , 0.0 , 0.0 , 0.0 , 0.0 , 

96.0 , 4481.02564103 , 4388.20512821 , 4429.23076923 , 3669.74358974 , 4383.07692308 , 4498.97435897 , 4492.82051282 , 4587.69230769 , 3924.1025641 , 4105.64102564 , 4252.82051282 , 4314.35897436 , 3978.46153846 , 4004.1025641 , 1725.0 , 1678.0 , 1.234 , 0.0 , 0.0 , 0.0 , 0.0 , 

97.0 , 4489.74358974 , 4388.20512821 , 4431.79487179 , 3673.84615385 , 4383.07692308 , 4498.97435897 , 4495.8974359 , 4588.20512821 , 3929.23076923 , 4105.64102564 , 4253.84615385 , 4312.30769231 , 3983.58974359 , 4001.02564103 , 1727.0 , 1677.0 , 1.234 , 0.0 , 0.0 , 0.0 , 0.0 , 

98.0 , 4492.30769231 , 4388.20512821 , 4428.71794872 , 3667.17948718 , 4382.56410256 , 4502.05128205 , 4496.92307692 , 4588.20512821 , 3927.17948718 , 4105.64102564 , 4252.82051282 , 4308.20512821 , 3981.53846154 , 4003.58974359 , 1726.0 , 1678.0 , 1.25 , 0.0 , 0.0 , 0.0 , 0.0 , 

99.0 , 4496.92307692 , 4388.20512821 , 4429.23076923 , 3665.12820513 , 4382.05128205 , 4505.12820513 , 4501.53846154 , 4590.76923077 , 3929.74358974 , 4105.64102564 , 4254.35897436 , 4311.28205128 , 3982.05128205 , 4012.30769231 , 1728.0 , 1678.0 , 1.25 , 0.0 , 0.0 , 0.0 , 0.0 , 

100.0 , 4495.38461538 , 4388.20512821 , 4430.76923077 , 3668.20512821 , 4383.58974359 , 4500.51282051 , 4498.97435897 , 4588.20512821 , 3927.17948718 , 4105.64102564 , 4254.35897436 , 4312.30769231 , 3984.1025641 , 4013.84615385 , 1728.0 , 1677.0 , 1.265 , 0.0 , 0.0 , 0.0 , 0.0 , 

101.0 , 4488.71794872 , 4388.20512821 , 4427.17948718 , 3665.64102564 , 4384.61538462 , 4498.97435897 , 4492.30769231 , 4582.05128205 , 3917.94871795 , 4105.64102564 , 4251.79487179 , 4309.74358974 , 3980.0 , 4008.71794872 , 1728.0 , 1678.0 , 1.265 , 0.0 , 0.0 , 0.0 , 0.0 , 

102.0 , 4491.79487179 , 4388.20512821 , 4426.66666667 , 3666.15384615 , 4383.07692308 , 4504.1025641 , 4497.94871795 , 4588.71794872 , 3927.17948718 , 4105.64102564 , 4253.84615385 , 4310.25641026 , 3982.56410256 , 4006.15384615 , 1728.0 , 1678.0 , 1.281 , 0.0 , 0.0 , 0.0 , 0.0 , 

103.0 , 4497.94871795 , 4388.20512821 , 4430.76923077 , 3672.82051282 , 4382.56410256 , 4504.61538462 , 4505.64102564 , 4596.41025641 , 3940.0 , 4105.64102564 , 4254.35897436 , 4312.30769231 , 3988.20512821 , 4008.20512821 , 1729.0 , 1677.0 , 1.296 , 0.0 , 0.0 , 0.0 , 0.0 , 

104.0 , 4500.51282051 , 4388.20512821 , 4431.28205128 , 3673.33333333 , 4385.12820513 , 4505.12820513 , 4504.1025641 , 4592.30769231 , 3940.0 , 4105.64102564 , 4250.76923077 , 4311.79487179 , 3985.64102564 , 4013.33333333 , 1727.0 , 1678.0 , 1.296 , 0.0 , 0.0 , 0.0 , 0.0 , 

105.0 , 4486.66666667 , 4388.20512821 , 4429.74358974 , 3666.66666667 , 4386.66666667 , 4510.25641026 , 4498.97435897 , 4587.17948718 , 3938.46153846 , 4105.64102564 , 4251.28205128 , 4311.79487179 , 3982.05128205 , 4013.33333333 , 1728.0 , 1677.0 , 1.296 , 0.0 , 0.0 , 0.0 , 0.0 , 

106.0 , 4471.79487179 , 4388.20512821 , 4430.76923077 , 3667.17948718 , 4385.64102564 , 4509.74358974 , 4499.48717949 , 4589.74358974 , 3944.1025641 , 4105.64102564 , 4252.82051282 , 4313.33333333 , 3983.58974359 , 4006.66666667 , 1727.0 , 1677.0 , 1.312 , 0.0 , 0.0 , 0.0 , 0.0 , 

107.0 , 4486.66666667 , 4388.20512821 , 4427.69230769 , 3669.74358974 , 4386.15384615 , 4502.05128205 , 4495.8974359 , 4590.76923077 , 3944.61538462 , 4105.64102564 , 4252.82051282 , 4312.30769231 , 3983.58974359 , 4005.12820513 , 1727.0 , 1678.0 , 1.312 , 0.0 , 0.0 , 0.0 , 0.0 , 

108.0 , 4492.82051282 , 4388.20512821 , 4421.02564103 , 3666.66666667 , 4385.12820513 , 4504.1025641 , 4489.23076923 , 4584.61538462 , 3936.41025641 , 4105.64102564 , 4254.35897436 , 4311.28205128 , 3978.46153846 , 4011.79487179 , 1727.0 , 1677.0 , 1.328 , 0.0 , 0.0 , 0.0 , 0.0 , 

109.0 , 4475.8974359 , 4388.20512821 , 4418.46153846 , 3661.02564103 , 4383.07692308 , 4506.66666667 , 4485.12820513 , 4581.53846154 , 3929.23076923 , 4105.64102564 , 4253.84615385 , 4310.76923077 , 3973.84615385 , 4009.23076923 , 1725.0 , 1678.0 , 1.328 , 0.0 , 0.0 , 0.0 , 0.0 , 

110.0 , 4476.41025641 , 4388.20512821 , 4422.05128205 , 3665.64102564 , 4382.05128205 , 4501.53846154 , 4487.69230769 , 4585.64102564 , 3929.23076923 , 4105.64102564 , 4252.82051282 , 4312.82051282 , 3977.43589744 , 3998.46153846 , 1725.0 , 1678.0 , 1.343 , 0.0 , 0.0 , 0.0 , 0.0 , 

111.0 , 4481.53846154 , 4388.20512821 , 4423.07692308 , 3669.74358974 , 4382.05128205 , 4499.48717949 , 4493.33333333 , 4588.20512821 , 3932.30769231 , 4105.64102564 , 4257.94871795 , 4314.87179487 , 3984.1025641 , 3999.48717949 , 1725.0 , 1678.0 , 1.343 , 0.0 , 0.0 , 0.0 , 0.0 , 

112.0 , 4474.87179487 , 4388.20512821 , 4417.94871795 , 3661.02564103 , 4383.07692308 , 4501.02564103 , 4490.25641026 , 4583.07692308 , 3931.28205128 , 4105.64102564 , 4258.97435897 , 4313.33333333 , 3979.48717949 , 4007.17948718 , 1725.0 , 1676.0 , 1.359 , 0.0 , 0.0 , 0.0 , 0.0 , 

113.0 , 4478.97435897 , 4388.20512821 , 4417.43589744 , 3658.97435897 , 4385.12820513 , 4497.94871795 , 4485.64102564 , 4580.0 , 3928.20512821 , 4106.66666667 , 4252.82051282 , 4310.76923077 , 3972.30769231 , 4006.66666667 , 1724.0 , 1676.0 , 1.359 , 0.0 , 0.0 , 0.0 , 0.0 , 

114.0 , 4489.23076923 , 4388.20512821 , 4422.05128205 , 3665.12820513 , 4386.15384615 , 4499.48717949 , 4491.28205128 , 4582.56410256 , 3926.15384615 , 4106.15384615 , 4252.82051282 , 4311.28205128 , 3973.84615385 , 4002.56410256 , 1725.0 , 1675.0 , 1.375 , 0.0 , 0.0 , 0.0 , 0.0 , 

115.0 , 4485.64102564 , 4387.69230769 , 4425.12820513 , 3663.58974359 , 4385.12820513 , 4509.74358974 , 4499.48717949 , 4584.1025641 , 3927.69230769 , 4104.1025641 , 4256.92307692 , 4311.79487179 , 3980.51282051 , 4000.51282051 , 1725.0 , 1677.0 , 1.375 , 0.0 , 0.0 , 0.0 , 0.0 , 

116.0 , 4472.82051282 , 4386.15384615 , 4424.1025641 , 3659.48717949 , 4382.56410256 , 4509.23076923 , 4498.46153846 , 4585.64102564 , 3930.76923077 , 4103.07692308 , 4256.41025641 , 4309.74358974 , 3981.53846154 , 4001.02564103 , 1726.0 , 1676.0 , 1.391 , 0.0 , 0.0 , 0.0 , 0.0 , 

117.0 , 4467.17948718 , 4384.61538462 , 4418.97435897 , 3664.61538462 , 4381.53846154 , 4504.1025641 , 4495.8974359 , 4587.17948718 , 3931.28205128 , 4104.1025641 , 4255.8974359 , 4311.28205128 , 3981.53846154 , 4006.66666667 , 1725.0 , 1676.0 , 1.391 , 0.0 , 0.0 , 0.0 , 0.0 , 

118.0 , 4465.64102564 , 4386.66666667 , 4412.82051282 , 3666.66666667 , 4382.56410256 , 4503.58974359 , 4493.84615385 , 4581.53846154 , 3924.1025641 , 4104.61538462 , 4255.38461538 , 4312.30769231 , 3976.41025641 , 4006.15384615 , 1726.0 , 1677.0 , 1.406 , 0.0 , 0.0 , 0.0 , 0.0 , 

119.0 , 4473.33333333 , 4389.74358974 , 4415.8974359 , 3661.02564103 , 4383.07692308 , 4506.66666667 , 4491.28205128 , 4576.41025641 , 3918.97435897 , 4104.1025641 , 4252.82051282 , 4310.25641026 , 3969.74358974 , 3999.48717949 , 1726.0 , 1676.0 , 1.406 , 0.0 , 0.0 , 0.0 , 0.0 , 

120.0 , 4479.48717949 , 4389.74358974 , 4418.46153846 , 3659.48717949 , 4383.07692308 , 4508.20512821 , 4491.28205128 , 4580.0 , 3921.53846154 , 4104.1025641 , 4252.30769231 , 4308.71794872 , 3969.74358974 , 4001.53846154 , 1725.0 , 1677.0 , 1.422 , 0.0 , 0.0 , 0.0 , 0.0 , 

121.0 , 4472.82051282 , 4388.71794872 , 4415.8974359 , 3665.12820513 , 4384.1025641 , 4512.30769231 , 4493.84615385 , 4584.1025641 , 3928.20512821 , 4104.61538462 , 4254.35897436 , 4312.30769231 , 3972.30769231 , 4007.69230769 , 1727.0 , 1676.0 , 1.422 , 0.0 , 0.0 , 0.0 , 0.0 , 

122.0 , 4470.76923077 , 4389.23076923 , 4418.46153846 , 3669.74358974 , 4382.56410256 , 4515.8974359 , 4496.41025641 , 4584.1025641 , 3929.74358974 , 4104.61538462 , 4252.82051282 , 4313.33333333 , 3968.20512821 , 4004.1025641 , 1726.0 , 1676.0 , 1.438 , 0.0 , 0.0 , 0.0 , 0.0 , 

123.0 , 4476.41025641 , 4388.71794872 , 4420.0 , 3668.71794872 , 4382.05128205 , 4513.84615385 , 4498.97435897 , 4585.64102564 , 3928.20512821 , 4104.61538462 , 4249.23076923 , 4313.33333333 , 3968.20512821 , 3997.43589744 , 1727.0 , 1677.0 , 1.438 , 0.0 , 0.0 , 0.0 , 0.0 , 

124.0 , 4482.56410256 , 4387.69230769 , 4418.46153846 , 3666.15384615 , 4384.61538462 , 4513.84615385 , 4501.02564103 , 4587.17948718 , 3931.79487179 , 4104.61538462 , 4251.28205128 , 4314.87179487 , 3977.94871795 , 4000.0 , 1727.0 , 1677.0 , 1.453 , 0.0 , 0.0 , 0.0 , 0.0 , 

125.0 , 4487.69230769 , 4387.69230769 , 4425.64102564 , 3667.69230769 , 4385.64102564 , 4523.58974359 , 4506.66666667 , 4586.66666667 , 3933.84615385 , 4104.1025641 , 4257.94871795 , 4315.38461538 , 3986.15384615 , 4010.76923077 , 1727.0 , 1677.0 , 1.453 , 0.0 , 0.0 , 0.0 , 0.0 , 

126.0 , 4485.64102564 , 4389.23076923 , 4430.25641026 , 3669.23076923 , 4384.1025641 , 4525.64102564 , 4506.66666667 , 4586.15384615 , 3929.74358974 , 4104.1025641 , 4255.8974359 , 4313.84615385 , 3985.12820513 , 4011.28205128 , 1726.0 , 1677.0 , 1.469 , 0.0 , 0.0 , 0.0 , 0.0 , 

127.0 , 4476.41025641 , 4387.69230769 , 4425.12820513 , 3669.23076923 , 4383.58974359 , 4515.8974359 , 4500.0 , 4584.61538462 , 3928.71794872 , 4104.61538462 , 4248.20512821 , 4314.35897436 , 3978.46153846 , 3996.41025641 , 1726.0 , 1677.0 , 1.469 , 0.0 , 0.0 , 0.0 , 0.0 , 

128.0 , 4475.38461538 , 4384.61538462 , 4421.53846154 , 3668.20512821 , 4384.61538462 , 4509.74358974 , 4496.92307692 , 4582.05128205 , 3926.66666667 , 4104.61538462 , 4251.28205128 , 4313.84615385 , 3975.8974359 , 3993.84615385 , 1725.0 , 1678.0 , 1.484 , 0.0 , 0.0 , 0.0 , 0.0 , 

0.0 , 4489.23076923 , 4386.15384615 , 4418.97435897 , 3668.71794872 , 4384.1025641 , 4514.35897436 , 4500.51282051 , 4581.02564103 , 3921.02564103 , 4104.1025641 , 4257.43589744 , 4311.28205128 , 3976.92307692 , 4008.71794872 , 1725.0 , 1678.0 , 1.5 , 0.0 , 0.0 , 0.0 , 0.0 , 

1.0 , 4500.0 , 4389.74358974 , 4418.97435897 , 3672.30769231 , 4383.07692308 , 4519.48717949 , 4504.61538462 , 4583.58974359 , 3923.58974359 , 4104.61538462 , 4255.8974359 , 4311.79487179 , 3982.05128205 , 4013.33333333 , 1726.0 , 1678.0 , 1.5 , 0.0 , 0.0 , 0.0 , 0.0 , 

2.0 , 4494.87179487 , 4387.69230769 , 4420.51282051 , 3673.84615385 , 4382.56410256 , 4517.94871795 , 4502.05128205 , 4583.58974359 , 3928.20512821 , 4105.64102564 , 4253.84615385 , 4315.8974359 , 3988.20512821 , 4007.17948718 , 1725.0 , 1677.0 , 1.5 , 0.0 , 0.0 , 0.0 , 0.0 , 

3.0 , 4484.1025641 , 4386.66666667 , 4420.51282051 , 3670.76923077 , 4383.07692308 , 4517.94871795 , 4496.41025641 , 4581.02564103 , 3925.12820513 , 4105.12820513 , 4255.38461538 , 4315.8974359 , 3989.23076923 , 4010.76923077 , 1725.0 , 1678.0 , 1.516 , 0.0 , 0.0 , 0.0 , 0.0 , 

4.0 , 4478.97435897 , 4388.20512821 , 4421.02564103 , 3670.25641026 , 4384.61538462 , 4521.02564103 , 4497.94871795 , 4581.53846154 , 3925.12820513 , 4103.58974359 , 4257.43589744 , 4313.33333333 , 3993.84615385 , 4015.38461538 , 1726.0 , 1677.0 , 1.516 , 0.0 , 0.0 , 0.0 , 0.0 , 

5.0 , 4486.66666667 , 4388.20512821 , 4422.56410256 , 3672.82051282 , 4383.58974359 , 4519.48717949 , 4503.58974359 , 4581.53846154 , 3932.82051282 , 4103.07692308 , 4260.51282051 , 4314.87179487 , 4003.58974359 , 4010.25641026 , 1725.0 , 1678.0 , 1.531 , 0.0 , 0.0 , 0.0 , 0.0 , 

6.0 , 4493.84615385 , 4388.20512821 , 4423.58974359 , 3672.30769231 , 4382.56410256 , 4517.43589744 , 4503.07692308 , 4577.94871795 , 3932.30769231 , 4104.1025641 , 4259.48717949 , 4316.92307692 , 4004.1025641 , 4008.20512821 , 1726.0 , 1677.0 , 1.531 , 0.0 , 0.0 , 0.0 , 0.0 , 

7.0 , 4493.84615385 , 4388.20512821 , 4425.12820513 , 3675.38461538 , 4383.58974359 , 4524.61538462 , 4505.64102564 , 4580.51282051 , 3931.79487179 , 4104.61538462 , 4258.46153846 , 4312.82051282 , 3999.48717949 , 4011.79487179 , 1725.0 , 1676.0 , 1.547 , 0.0 , 0.0 , 0.0 , 0.0 , 

8.0 , 4488.20512821 , 4386.15384615 , 4421.53846154 , 3677.43589744 , 4384.1025641 , 4521.02564103 , 4503.07692308 , 4579.48717949 , 3931.28205128 , 4104.1025641 , 4258.46153846 , 4310.25641026 , 3995.8974359 , 4011.28205128 , 1726.0 , 1678.0 , 1.547 , 0.0 , 0.0 , 0.0 , 0.0 , 

9.0 , 4483.58974359 , 4386.15384615 , 4417.94871795 , 3673.33333333 , 4384.1025641 , 4512.82051282 , 4497.94871795 , 4574.35897436 , 3927.17948718 , 4104.1025641 , 4258.46153846 , 4315.38461538 , 3992.30769231 , 4007.69230769 , 1726.0 , 1675.0 , 1.563 , 0.0 , 0.0 , 0.0 , 0.0 , 

10.0 , 4484.1025641 , 4388.20512821 , 4421.02564103 , 3672.30769231 , 4384.1025641 , 4516.92307692 , 4503.58974359 , 4577.94871795 , 3929.23076923 , 4104.61538462 , 4260.51282051 , 4316.92307692 , 4000.0 , 4006.15384615 , 1725.0 , 1677.0 , 1.563 , 0.0 , 0.0 , 0.0 , 0.0 , 

11.0 , 4488.71794872 , 4387.69230769 , 4420.0 , 3675.38461538 , 4383.58974359 , 4521.02564103 , 4506.66666667 , 4585.12820513 , 3933.84615385 , 4104.61538462 , 4262.56410256 , 4316.41025641 , 4008.20512821 , 4009.74358974 , 1726.0 , 1677.0 , 1.578 , 0.0 , 0.0 , 0.0 , 0.0 , 

12.0 , 4488.71794872 , 4386.15384615 , 4409.74358974 , 3670.25641026 , 4382.56410256 , 4514.35897436 , 4494.87179487 , 4578.97435897 , 3924.1025641 , 4104.61538462 , 4258.46153846 , 4317.43589744 , 3992.82051282 , 4009.23076923 , 1725.0 , 1678.0 , 1.578 , 0.0 , 0.0 , 0.0 , 0.0 , 

13.0 , 4484.1025641 , 4386.66666667 , 4408.20512821 , 3666.66666667 , 4383.07692308 , 4512.30769231 , 4492.82051282 , 4573.84615385 , 3918.46153846 , 4104.61538462 , 4254.87179487 , 4315.8974359 , 3981.53846154 , 4004.61538462 , 1726.0 , 1677.0 , 1.594 , 0.0 , 0.0 , 0.0 , 0.0 , 

14.0 , 4484.61538462 , 4386.66666667 , 4413.33333333 , 3671.79487179 , 4383.07692308 , 4515.38461538 , 4500.51282051 , 4582.05128205 , 3928.20512821 , 4104.61538462 , 4258.97435897 , 4314.87179487 , 3992.82051282 , 4005.64102564 , 1724.0 , 1678.0 , 1.594 , 0.0 , 0.0 , 0.0 , 0.0 , 

15.0 , 4477.43589744 , 4386.66666667 , 4414.87179487 , 3673.33333333 , 4383.07692308 , 4517.43589744 , 4500.0 , 4587.69230769 , 3933.33333333 , 4104.61538462 , 4261.02564103 , 4316.41025641 , 4002.56410256 , 4007.17948718 , 1725.0 , 1676.0 , 1.609 , 0.0 , 0.0 , 0.0 , 0.0 , 

16.0 , 4467.69230769 , 4386.66666667 , 4417.43589744 , 3671.28205128 , 4383.07692308 , 4520.0 , 4497.43589744 , 4583.58974359 , 3931.28205128 , 4104.61538462 , 4257.94871795 , 4316.92307692 , 4003.07692308 , 4002.56410256 , 1725.0 , 1676.0 , 1.609 , 0.0 , 0.0 , 0.0 , 0.0 , 

17.0 , 4479.48717949 , 4386.66666667 , 4421.02564103 , 3673.84615385 , 4382.56410256 , 4521.02564103 , 4500.0 , 4582.05128205 , 3933.33333333 , 4104.61538462 , 4257.94871795 , 4317.94871795 , 4005.12820513 , 4001.53846154 , 1726.0 , 1676.0 , 1.625 , 0.0 , 0.0 , 0.0 , 0.0 , 

18.0 , 4491.28205128 , 4386.66666667 , 4418.46153846 , 3673.84615385 , 4383.07692308 , 4518.97435897 , 4499.48717949 , 4582.56410256 , 3935.8974359 , 4104.61538462 , 4260.51282051 , 4319.48717949 , 4001.53846154 , 4002.56410256 , 1726.0 , 1676.0 , 1.625 , 0.0 , 0.0 , 0.0 , 0.0 , 

19.0 , 4482.56410256 , 4386.15384615 , 4417.43589744 , 3670.25641026 , 4383.58974359 , 4515.38461538 , 4497.94871795 , 4577.94871795 , 3933.84615385 , 4104.61538462 , 4258.97435897 , 4315.8974359 , 3989.74358974 , 3999.48717949 , 1725.0 , 1678.0 , 1.641 , 0.0 , 0.0 , 0.0 , 0.0 , 

20.0 , 4470.25641026 , 4386.66666667 , 4417.94871795 , 3671.79487179 , 4383.58974359 , 4516.41025641 , 4497.43589744 , 4576.92307692 , 3932.82051282 , 4104.61538462 , 4260.0 , 4314.35897436 , 3987.17948718 , 4003.07692308 , 1727.0 , 1677.0 , 1.641 , 0.0 , 0.0 , 0.0 , 0.0 , 

21.0 , 4466.66666667 , 4387.17948718 , 4414.35897436 , 3671.79487179 , 4383.58974359 , 4518.97435897 , 4497.43589744 , 4577.94871795 , 3931.28205128 , 4104.61538462 , 4264.1025641 , 4318.46153846 , 3990.25641026 , 4010.76923077 , 1726.0 , 1677.0 , 1.656 , 0.0 , 0.0 , 0.0 , 0.0 , 

22.0 , 4474.87179487 , 4388.20512821 , 4415.38461538 , 3672.82051282 , 4384.61538462 , 4520.0 , 4502.05128205 , 4579.48717949 , 3937.43589744 , 4104.61538462 , 4264.1025641 , 4320.0 , 3995.38461538 , 4009.74358974 , 1727.0 , 1674.0 , 1.656 , 0.0 , 0.0 , 0.0 , 0.0 , 

23.0 , 4487.17948718 , 4388.20512821 , 4418.97435897 , 3676.92307692 , 4384.61538462 , 4518.97435897 , 4505.12820513 , 4582.05128205 , 3947.17948718 , 4104.1025641 , 4264.61538462 , 4320.0 , 4001.02564103 , 4009.23076923 , 1726.0 , 1675.0 , 1.672 , 0.0 , 0.0 , 0.0 , 0.0 , 

24.0 , 4489.74358974 , 4388.20512821 , 4412.82051282 , 3675.38461538 , 4384.61538462 , 4516.41025641 , 4500.51282051 , 4580.51282051 , 3944.61538462 , 4104.1025641 , 4264.1025641 , 4320.0 , 4000.0 , 4013.84615385 , 1727.0 , 1675.0 , 1.672 , 0.0 , 0.0 , 0.0 , 0.0 , 

25.0 , 4492.82051282 , 4388.20512821 , 4407.17948718 , 3671.28205128 , 4384.61538462 , 4513.84615385 , 4497.43589744 , 4574.35897436 , 3935.38461538 , 4104.61538462 , 4261.53846154 , 4318.46153846 , 3994.35897436 , 4012.82051282 , 1727.0 , 1675.0 , 1.688 , 0.0 , 0.0 , 0.0 , 0.0 , 

26.0 , 4493.33333333 , 4388.20512821 , 4412.30769231 , 3674.87179487 , 4384.1025641 , 4518.97435897 , 4502.05128205 , 4573.33333333 , 3937.43589744 , 4104.1025641 , 4264.1025641 , 4319.48717949 , 3997.94871795 , 4011.28205128 , 1727.0 , 1676.0 , 1.688 , 0.0 , 0.0 , 0.0 , 0.0 , 

27.0 , 4471.79487179 , 4388.20512821 , 4411.28205128 , 3676.41025641 , 4383.58974359 , 4522.05128205 , 4499.48717949 , 4570.76923077 , 3933.84615385 , 4104.1025641 , 4264.1025641 , 4320.0 , 3994.87179487 , 4010.25641026 , 1727.0 , 1676.0 , 1.703 , 0.0 , 0.0 , 0.0 , 0.0 , 

28.0 , 4467.17948718 , 4388.20512821 , 4406.66666667 , 3672.30769231 , 4383.58974359 , 4516.92307692 , 4494.87179487 , 4566.15384615 , 3924.61538462 , 4105.12820513 , 4257.94871795 , 4316.41025641 , 3981.53846154 , 4006.15384615 , 1727.0 , 1677.0 , 1.703 , 0.0 , 0.0 , 0.0 , 0.0 , 

29.0 , 4493.84615385 , 4388.20512821 , 4410.25641026 , 3672.30769231 , 4384.1025641 , 4516.92307692 , 4498.46153846 , 4570.25641026 , 3929.74358974 , 4105.64102564 , 4257.43589744 , 4315.38461538 , 3985.12820513 , 4008.20512821 , 1727.0 , 1677.0 , 1.719 , 0.0 , 0.0 , 0.0 , 0.0 , 

30.0 , 4495.38461538 , 4388.20512821 , 4412.82051282 , 3674.35897436 , 4383.07692308 , 4522.56410256 , 4500.0 , 4571.28205128 , 3937.94871795 , 4104.61538462 , 4260.51282051 , 4323.07692308 , 3996.41025641 , 4013.84615385 , 1726.0 , 1678.0 , 1.719 , 0.0 , 0.0 , 0.0 , 0.0 , 

31.0 , 4466.15384615 , 4388.20512821 , 4410.76923077 , 3672.82051282 , 4382.05128205 , 4523.07692308 , 4495.38461538 , 4567.17948718 , 3935.38461538 , 4104.1025641 , 4255.8974359 , 4323.07692308 , 3988.71794872 , 4006.15384615 , 1726.0 , 1677.0 , 1.734 , 0.0 , 0.0 , 0.0 , 0.0 , 

32.0 , 4465.64102564 , 4388.20512821 , 4414.87179487 , 3675.8974359 , 4383.07692308 , 4527.17948718 , 4497.43589744 , 4571.79487179 , 3935.38461538 , 4104.61538462 , 4255.8974359 , 4315.38461538 , 3978.97435897 , 3999.48717949 , 1724.0 , 1679.0 , 1.734 , 0.0 , 0.0 , 0.0 , 0.0 , 

33.0 , 4486.15384615 , 4388.20512821 , 4421.53846154 , 3680.0 , 4383.07692308 , 4535.8974359 , 4503.58974359 , 4577.43589744 , 3937.94871795 , 4104.61538462 , 4261.02564103 , 4315.8974359 , 3980.51282051 , 4004.1025641 , 1726.0 , 1679.0 , 1.75 , 0.0 , 0.0 , 0.0 , 0.0 , 

34.0 , 4476.92307692 , 4388.20512821 , 4421.53846154 , 3677.94871795 , 4381.53846154 , 4534.35897436 , 4502.56410256 , 4573.84615385 , 3937.94871795 , 4104.61538462 , 4256.92307692 , 4318.46153846 , 3979.48717949 , 4002.05128205 , 1724.0 , 1679.0 , 1.75 , 0.0 , 0.0 , 0.0 , 0.0 , 

35.0 , 4466.66666667 , 4388.20512821 , 4421.53846154 , 3675.8974359 , 4382.05128205 , 4534.35897436 , 4503.07692308 , 4575.8974359 , 3947.69230769 , 4104.1025641 , 4256.92307692 , 4316.41025641 , 3984.61538462 , 4003.07692308 , 1725.0 , 1679.0 , 1.766 , 0.0 , 0.0 , 0.0 , 0.0 , 

36.0 , 4481.02564103 , 4388.20512821 , 4427.17948718 , 3676.41025641 , 4384.1025641 , 4538.97435897 , 4504.61538462 , 4580.51282051 , 3955.38461538 , 4103.07692308 , 4265.64102564 , 4317.94871795 , 3995.38461538 , 4009.74358974 , 1724.0 , 1679.0 , 1.766 , 0.0 , 0.0 , 0.0 , 0.0 , 

37.0 , 4495.38461538 , 4388.20512821 , 4429.74358974 , 3677.94871795 , 4384.1025641 , 4535.38461538 , 4504.1025641 , 4579.48717949 , 3954.87179487 , 4102.56410256 , 4265.64102564 , 4324.1025641 , 3998.46153846 , 4010.76923077 , 1725.0 , 1680.0 , 1.781 , 0.0 , 0.0 , 0.0 , 0.0 , 

38.0 , 4490.76923077 , 4388.20512821 , 4426.66666667 , 3677.94871795 , 4385.12820513 , 4530.25641026 , 4503.58974359 , 4578.97435897 , 3956.41025641 , 4102.56410256 , 4257.94871795 , 4324.1025641 , 3995.8974359 , 4007.69230769 , 1724.0 , 1679.0 , 1.781 , 0.0 , 0.0 , 0.0 , 0.0 , 

39.0 , 4474.87179487 , 4388.20512821 , 4428.71794872 , 3676.41025641 , 4388.20512821 , 4533.33333333 , 4507.69230769 , 4581.02564103 , 3958.46153846 , 4103.07692308 , 4258.46153846 , 4323.07692308 , 3997.94871795 , 4008.71794872 , 1725.0 , 1679.0 , 1.797 , 0.0 , 0.0 , 0.0 , 0.0 , 

40.0 , 4463.07692308 , 4388.20512821 , 4432.82051282 , 3674.35897436 , 4389.23076923 , 4533.84615385 , 4511.79487179 , 4578.46153846 , 3953.33333333 , 4102.56410256 , 4261.53846154 , 4323.58974359 , 3998.46153846 , 4009.74358974 , 1725.0 , 1677.0 , 1.797 , 0.0 , 0.0 , 0.0 , 0.0 , 

41.0 , 4470.25641026 , 4388.20512821 , 4432.30769231 , 3674.87179487 , 4384.61538462 , 4532.30769231 , 4515.8974359 , 4582.56410256 , 3953.84615385 , 4103.07692308 , 4261.53846154 , 4322.05128205 , 3998.46153846 , 4011.79487179 , 1726.0 , 1678.0 , 1.813 , 0.0 , 0.0 , 0.0 , 0.0 , 

42.0 , 4476.41025641 , 4388.20512821 , 4428.71794872 , 3673.84615385 , 4380.0 , 4529.74358974 , 4513.84615385 , 4581.02564103 , 3951.28205128 , 4102.56410256 , 4258.97435897 , 4321.53846154 , 3994.35897436 , 4007.17948718 , 1727.0 , 1676.0 , 1.813 , 0.0 , 0.0 , 0.0 , 0.0 , 

43.0 , 4467.69230769 , 4388.20512821 , 4425.64102564 , 3669.74358974 , 4382.56410256 , 4527.69230769 , 4507.69230769 , 4569.23076923 , 3936.41025641 , 4103.07692308 , 4254.35897436 , 4323.07692308 , 3983.58974359 , 3997.43589744 , 1725.0 , 1677.0 , 1.828 , 0.0 , 0.0 , 0.0 , 0.0 , 

44.0 , 4465.64102564 , 4388.20512821 , 4426.66666667 , 3671.28205128 , 4385.12820513 , 4528.71794872 , 4510.76923077 , 4566.15384615 , 3929.74358974 , 4102.56410256 , 4254.35897436 , 4320.0 , 3981.53846154 , 3997.94871795 , 1727.0 , 1676.0 , 1.828 , 0.0 , 0.0 , 0.0 , 0.0 , 

45.0 , 4465.64102564 , 4388.20512821 , 4430.25641026 , 3673.84615385 , 4382.56410256 , 4529.23076923 , 4514.35897436 , 4571.28205128 , 3933.84615385 , 4103.07692308 , 4256.92307692 , 4314.87179487 , 3987.17948718 , 4002.05128205 , 1726.0 , 1676.0 , 1.844 , 0.0 , 0.0 , 0.0 , 0.0 , 

46.0 , 4455.38461538 , 4388.20512821 , 4433.33333333 , 3670.76923077 , 4381.53846154 , 4525.64102564 , 4510.76923077 , 4571.28205128 , 3932.30769231 , 4102.56410256 , 4255.8974359 , 4316.92307692 , 3983.07692308 , 3999.48717949 , 1726.0 , 1676.0 , 1.859 , 0.0 , 0.0 , 0.0 , 0.0 , 

47.0 , 4463.07692308 , 4388.20512821 , 4433.84615385 , 3672.30769231 , 4383.07692308 , 4529.23076923 , 4513.84615385 , 4572.30769231 , 3933.84615385 , 4103.07692308 , 4255.38461538 , 4321.02564103 , 3980.51282051 , 3997.43589744 , 1726.0 , 1675.0 , 1.859 , 0.0 , 0.0 , 0.0 , 0.0 , 

48.0 , 4481.02564103 , 4388.20512821 , 4436.41025641 , 3676.92307692 , 4383.07692308 , 4534.35897436 , 4518.97435897 , 4576.41025641 , 3939.48717949 , 4102.56410256 , 4256.92307692 , 4320.0 , 3984.1025641 , 4000.0 , 1726.0 , 1675.0 , 1.859 , 0.0 , 0.0 , 0.0 , 0.0 , 

49.0 , 4471.79487179 , 4388.20512821 , 4438.46153846 , 3673.84615385 , 4382.56410256 , 4528.20512821 , 4517.94871795 , 4574.35897436 , 3940.0 , 4102.56410256 , 4255.38461538 , 4316.92307692 , 3984.1025641 , 4000.51282051 , 1727.0 , 1675.0 , 1.875 , 0.0 , 0.0 , 0.0 , 0.0 , 

50.0 , 4460.51282051 , 4388.20512821 , 4433.84615385 , 3667.69230769 , 4382.56410256 , 4524.61538462 , 4516.92307692 , 4574.35897436 , 3940.0 , 4102.56410256 , 4256.92307692 , 4316.92307692 , 3985.12820513 , 4000.51282051 , 1727.0 , 1675.0 , 1.875 , 0.0 , 0.0 , 0.0 , 0.0 , 

51.0 , 4471.28205128 , 4388.20512821 , 4428.71794872 , 3667.17948718 , 4382.56410256 , 4528.71794872 , 4515.38461538 , 4574.87179487 , 3942.56410256 , 4103.07692308 , 4261.02564103 , 4319.48717949 , 3986.66666667 , 4000.51282051 , 1727.0 , 1675.0 , 1.891 , 0.0 , 0.0 , 0.0 , 0.0 , 

52.0 , 4474.87179487 , 4388.20512821 , 4428.20512821 , 3667.69230769 , 4383.07692308 , 4529.74358974 , 4516.41025641 , 4570.25641026 , 3944.1025641 , 4102.56410256 , 4259.48717949 , 4322.56410256 , 3989.74358974 , 4000.0 , 1726.0 , 1676.0 , 1.891 , 0.0 , 0.0 , 0.0 , 0.0 , 

53.0 , 4463.07692308 , 4388.20512821 , 4428.71794872 , 3667.17948718 , 4383.58974359 , 4531.28205128 , 4518.97435897 , 4572.30769231 , 3946.66666667 , 4102.05128205 , 4260.0 , 4323.07692308 , 3999.48717949 , 4003.07692308 , 1727.0 , 1676.0 , 1.906 , 0.0 , 0.0 , 0.0 , 0.0 , 

54.0 , 4464.61538462 , 4388.20512821 , 4429.74358974 , 3671.28205128 , 4383.07692308 , 4540.0 , 4523.58974359 , 4580.0 , 3954.87179487 , 4104.61538462 , 4268.71794872 , 4322.56410256 , 4008.20512821 , 4008.71794872 , 1727.0 , 1676.0 , 1.906 , 0.0 , 0.0 , 0.0 , 0.0 , 

55.0 , 4471.79487179 , 4388.20512821 , 4431.28205128 , 3673.33333333 , 4385.64102564 , 4540.51282051 , 4526.66666667 , 4577.43589744 , 3957.94871795 , 4106.66666667 , 4271.28205128 , 4324.1025641 , 4005.12820513 , 4011.79487179 , 1726.0 , 1676.0 , 1.922 , 0.0 , 0.0 , 0.0 , 0.0 , 

56.0 , 4470.76923077 , 4388.20512821 , 4428.20512821 , 3670.25641026 , 4388.71794872 , 4535.38461538 , 4525.64102564 , 4571.79487179 , 3952.82051282 , 4104.61538462 , 4267.17948718 , 4322.56410256 , 4002.56410256 , 4007.69230769 , 1726.0 , 1677.0 , 1.922 , 0.0 , 0.0 , 0.0 , 0.0 , 

57.0 , 4455.8974359 , 4388.20512821 , 4422.05128205 , 3668.71794872 , 4388.71794872 , 4535.38461538 , 4519.48717949 , 4571.28205128 , 3947.69230769 , 4103.58974359 , 4265.12820513 , 4319.48717949 , 3998.97435897 , 3995.38461538 , 1727.0 , 1677.0 , 1.938 , 0.0 , 0.0 , 0.0 , 0.0 , 

58.0 , 4446.66666667 , 4388.20512821 , 4425.12820513 , 3672.30769231 , 4385.64102564 , 4541.53846154 , 4521.02564103 , 4572.30769231 , 3952.30769231 , 4106.15384615 , 4266.66666667 , 4321.53846154 , 3996.41025641 , 3993.33333333 , 1726.0 , 1677.0 , 1.938 , 0.0 , 0.0 , 0.0 , 0.0 , 

59.0 , 4454.87179487 , 4388.20512821 , 4430.76923077 , 3673.33333333 , 4384.1025641 , 4543.07692308 , 4525.12820513 , 4572.30769231 , 3956.92307692 , 4105.64102564 , 4267.17948718 , 4323.07692308 , 4000.51282051 , 4006.66666667 , 1726.0 , 1677.0 , 1.953 , 0.0 , 0.0 , 0.0 , 0.0 , 

60.0 , 4459.48717949 , 4388.20512821 , 4429.74358974 , 3671.79487179 , 4383.58974359 , 4538.97435897 , 4518.46153846 , 4569.74358974 , 3950.25641026 , 4103.07692308 , 4267.17948718 , 4321.53846154 , 3998.97435897 , 4009.74358974 , 1726.0 , 1678.0 , 1.953 , 0.0 , 0.0 , 0.0 , 0.0 , 

61.0 , 4449.23076923 , 4388.20512821 , 4427.17948718 , 3671.28205128 , 4384.1025641 , 4533.33333333 , 4510.25641026 , 4566.15384615 , 3944.61538462 , 4103.58974359 , 4264.61538462 , 4319.48717949 , 3990.25641026 , 4000.0 , 1727.0 , 1677.0 , 1.969 , 0.0 , 0.0 , 0.0 , 0.0 , 

62.0 , 4455.38461538 , 4388.20512821 , 4428.71794872 , 3672.30769231 , 4384.61538462 , 4532.30769231 , 4512.30769231 , 4569.74358974 , 3950.76923077 , 4104.1025641 , 4264.1025641 , 4320.51282051 , 3992.82051282 , 4002.56410256 , 1726.0 , 1678.0 , 1.984 , 0.0 , 0.0 , 0.0 , 0.0 , 

63.0 , 4473.33333333 , 4388.20512821 , 4432.30769231 , 3668.71794872 , 4383.07692308 , 4533.84615385 , 4513.84615385 , 4574.35897436 , 3956.41025641 , 4103.07692308 , 4269.23076923 , 4321.53846154 , 4001.02564103 , 4007.17948718 , 1727.0 , 1677.0 , 1.984 , 0.0 , 0.0 , 0.0 , 0.0 , 

64.0 , 4462.56410256 , 4388.20512821 , 4429.74358974 , 3665.12820513 , 4382.05128205 , 4533.33333333 , 4510.25641026 , 4568.20512821 , 3950.25641026 , 4102.05128205 , 4268.20512821 , 4322.56410256 , 3997.43589744 , 4000.0 , 1727.0 , 1677.0 , 1.984 , 0.0 , 0.0 , 0.0 , 0.0 , 

65.0 , 4441.53846154 , 4388.20512821 , 4427.17948718 , 3668.20512821 , 4383.58974359 , 4535.38461538 , 4510.25641026 , 4565.12820513 , 3948.20512821 , 4103.58974359 , 4262.56410256 , 4324.1025641 , 3993.84615385 , 4003.07692308 , 1727.0 , 1678.0 , 2.0 , 0.0 , 0.0 , 0.0 , 0.0 , 

66.0 , 4451.79487179 , 4388.20512821 , 4428.71794872 , 3672.30769231 , 4387.69230769 , 4537.94871795 , 4515.38461538 , 4572.82051282 , 3953.84615385 , 4105.64102564 , 4263.58974359 , 4323.07692308 , 3999.48717949 , 4014.87179487 , 1726.0 , 1677.0 , 2.0 , 0.0 , 0.0 , 0.0 , 0.0 , 

67.0 , 4470.76923077 , 4388.20512821 , 4427.17948718 , 3669.23076923 , 4389.23076923 , 4534.87179487 , 4512.82051282 , 4571.79487179 , 3955.38461538 , 4105.12820513 , 4268.20512821 , 4323.07692308 , 3998.46153846 , 4012.30769231 , 1727.0 , 1678.0 , 2.016 , 0.0 , 0.0 , 0.0 , 0.0 , 

68.0 , 4458.97435897 , 4388.20512821 , 4419.48717949 , 3665.64102564 , 4387.17948718 , 4531.28205128 , 4503.58974359 , 4561.02564103 , 3947.17948718 , 4103.07692308 , 4267.17948718 , 4321.53846154 , 3988.71794872 , 3996.92307692 , 1727.0 , 1678.0 , 2.031 , 0.0 , 0.0 , 0.0 , 0.0 , 

69.0 , 4441.02564103 , 4388.20512821 , 4418.46153846 , 3670.25641026 , 4387.69230769 , 4536.41025641 , 4504.61538462 , 4561.53846154 , 3944.1025641 , 4103.58974359 , 4262.56410256 , 4321.02564103 , 3990.76923077 , 3995.38461538 , 1728.0 , 1678.0 , 2.031 , 0.0 , 0.0 , 0.0 , 0.0 , 

70.0 , 4447.69230769 , 4388.20512821 , 4422.05128205 , 3673.33333333 , 4388.71794872 , 4537.94871795 , 4504.61538462 , 4564.1025641 , 3945.12820513 , 4104.61538462 , 4261.53846154 , 4321.53846154 , 3996.92307692 , 4004.61538462 , 1727.0 , 1678.0 , 2.031 , 0.0 , 0.0 , 0.0 , 0.0 , 

71.0 , 4460.0 , 4388.20512821 , 4421.02564103 , 3672.30769231 , 4385.64102564 , 4532.82051282 , 4501.02564103 , 4562.05128205 , 3947.69230769 , 4104.61538462 , 4267.69230769 , 4322.05128205 , 3999.48717949 , 4007.17948718 , 1727.0 , 1680.0 , 2.047 , 0.0 , 0.0 , 0.0 , 0.0 , 

72.0 , 4458.46153846 , 4388.20512821 , 4422.56410256 , 3672.30769231 , 4383.07692308 , 4535.38461538 , 4506.15384615 , 4567.17948718 , 3955.38461538 , 4104.1025641 , 4272.30769231 , 4324.1025641 , 4006.15384615 , 4005.12820513 , 1728.0 , 1679.0 , 2.047 , 0.0 , 0.0 , 0.0 , 0.0 , 

73.0 , 4461.02564103 , 4388.20512821 , 4430.76923077 , 3673.33333333 , 4384.1025641 , 4544.1025641 , 4516.41025641 , 4574.35897436 , 3963.07692308 , 4104.61538462 , 4271.28205128 , 4326.15384615 , 4016.41025641 , 4012.30769231 , 1727.0 , 1682.0 , 2.063 , 0.0 , 0.0 , 0.0 , 0.0 , 

74.0 , 4464.61538462 , 4388.20512821 , 4435.38461538 , 3671.79487179 , 4386.15384615 , 4543.07692308 , 4514.87179487 , 4570.76923077 , 3960.0 , 4104.61538462 , 4270.76923077 , 4326.15384615 , 4018.46153846 , 4017.94871795 , 1728.0 , 1681.0 , 2.078 , 0.0 , 0.0 , 0.0 , 0.0 , 

75.0 , 4464.61538462 , 4388.20512821 , 4435.38461538 , 3675.38461538 , 4386.15384615 , 4542.05128205 , 4511.79487179 , 4569.74358974 , 3955.38461538 , 4104.61538462 , 4271.28205128 , 4323.58974359 , 4022.56410256 , 4015.8974359 , 1727.0 , 1682.0 , 2.078 , 0.0 , 0.0 , 0.0 , 0.0 , 

76.0 , 4468.71794872 , 4388.20512821 , 4431.79487179 , 3681.53846154 , 4383.58974359 , 4544.61538462 , 4513.33333333 , 4569.74358974 , 3955.38461538 , 4104.61538462 , 4269.23076923 , 4321.02564103 , 4025.64102564 , 4013.33333333 , 1727.0 , 1683.0 , 2.078 , 0.0 , 0.0 , 0.0 , 0.0 , 

77.0 , 4466.15384615 , 4388.20512821 , 4428.20512821 , 3677.94871795 , 4382.05128205 , 4543.07692308 , 4510.25641026 , 4562.56410256 , 3949.74358974 , 4104.61538462 , 4267.69230769 , 4318.46153846 , 4013.33333333 , 4007.17948718 , 1728.0 , 1681.0 , 2.094 , 0.0 , 0.0 , 0.0 , 0.0 , 

78.0 , 4459.48717949 , 4388.20512821 , 4429.74358974 , 3673.33333333 , 4384.61538462 , 4541.53846154 , 4510.25641026 , 4564.1025641 , 3946.15384615 , 4104.61538462 , 4267.69230769 , 4320.0 , 4004.61538462 , 4005.12820513 , 1728.0 , 1682.0 , 2.094 , 0.0 , 0.0 , 0.0 , 0.0 , 

79.0 , 4457.43589744 , 4388.20512821 , 4428.20512821 , 3674.87179487 , 4383.58974359 , 4543.58974359 , 4514.87179487 , 4570.25641026 , 3953.33333333 , 4104.61538462 , 4270.25641026 , 4323.07692308 , 4013.33333333 , 4010.76923077 , 1728.0 , 1681.0 , 2.109 , 0.0 , 0.0 , 0.0 , 0.0 , 

80.0 , 4454.35897436 , 4388.20512821 , 4417.43589744 , 3674.87179487 , 4383.07692308 , 4537.94871795 , 4510.76923077 , 4564.1025641 , 3951.79487179 , 4104.61538462 , 4271.79487179 , 4322.05128205 , 4017.43589744 , 4008.71794872 , 1727.0 , 1683.0 , 2.109 , 0.0 , 0.0 , 0.0 , 0.0 , 

81.0 , 4455.8974359 , 4388.20512821 , 4417.94871795 , 3674.87179487 , 4387.17948718 , 4533.33333333 , 4507.69230769 , 4556.92307692 , 3940.51282051 , 4104.61538462 , 4272.82051282 , 4323.58974359 , 4013.33333333 , 4003.07692308 , 1728.0 , 1683.0 , 2.125 , 0.0 , 0.0 , 0.0 , 0.0 , 

82.0 , 4462.56410256 , 4388.20512821 , 4427.69230769 , 3675.8974359 , 4386.15384615 , 4540.0 , 4512.82051282 , 4561.53846154 , 3943.58974359 , 4104.61538462 , 4272.30769231 , 4322.56410256 , 4014.87179487 , 4007.17948718 , 1728.0 , 1683.0 , 2.125 , 0.0 , 0.0 , 0.0 , 0.0 , 

83.0 , 4457.43589744 , 4388.20512821 , 4422.05128205 , 3671.28205128 , 4382.05128205 , 4538.97435897 , 4513.33333333 , 4562.05128205 , 3951.28205128 , 4104.1025641 , 4270.76923077 , 4318.97435897 , 4012.82051282 , 4008.20512821 , 1729.0 , 1682.0 , 2.141 , 0.0 , 0.0 , 0.0 , 0.0 , 

84.0 , 4454.87179487 , 4388.20512821 , 4413.33333333 , 3670.76923077 , 4383.58974359 , 4532.30769231 , 4509.74358974 , 4555.38461538 , 3947.17948718 , 4104.1025641 , 4270.25641026 , 4320.0 , 4007.17948718 , 4005.12820513 , 1729.0 , 1683.0 , 2.156 , 0.0 , 0.0 , 0.0 , 0.0 , 

85.0 , 4463.58974359 , 4388.20512821 , 4420.0 , 3678.97435897 , 4386.15384615 , 4534.87179487 , 4510.25641026 , 4555.8974359 , 3942.56410256 , 4104.61538462 , 4271.28205128 , 4319.48717949 , 4008.71794872 , 4005.12820513 , 1731.0 , 1681.0 , 2.156 , 0.0 , 0.0 , 0.0 , 0.0 , 

86.0 , 4465.64102564 , 4388.20512821 , 4425.64102564 , 3679.48717949 , 4385.12820513 , 4537.94871795 , 4510.25641026 , 4556.41025641 , 3942.56410256 , 4104.61538462 , 4270.76923077 , 4315.8974359 , 4009.23076923 , 4003.07692308 , 1730.0 , 1681.0 , 2.156 , 0.0 , 0.0 , 0.0 , 0.0 , 

87.0 , 4465.12820513 , 4388.71794872 , 4422.05128205 , 3674.35897436 , 4385.12820513 , 4530.76923077 , 4505.64102564 , 4549.23076923 , 3937.94871795 , 4104.1025641 , 4267.69230769 , 4317.43589744 , 4001.53846154 , 4001.02564103 , 1731.0 , 1680.0 , 2.172 , 0.0 , 0.0 , 0.0 , 0.0 , 

88.0 , 4477.43589744 , 4389.23076923 , 4427.69230769 , 3678.46153846 , 4385.64102564 , 4530.76923077 , 4507.69230769 , 4550.76923077 , 3937.43589744 , 4105.12820513 , 4267.17948718 , 4321.53846154 , 4002.05128205 , 4002.05128205 , 1731.0 , 1678.0 , 2.172 , 0.0 , 0.0 , 0.0 , 0.0 , 

89.0 , 4483.58974359 , 4387.17948718 , 4434.87179487 , 3683.58974359 , 4384.1025641 , 4541.02564103 , 4512.82051282 , 4558.46153846 , 3944.1025641 , 4106.15384615 , 4271.28205128 , 4321.02564103 , 4012.30769231 , 4003.58974359 , 1731.0 , 1679.0 , 2.188 , 0.0 , 0.0 , 0.0 , 0.0 , 

90.0 , 4474.35897436 , 4387.17948718 , 4435.8974359 , 3683.07692308 , 4384.61538462 , 4548.20512821 , 4516.92307692 , 4565.64102564 , 3955.38461538 , 4105.12820513 , 4277.94871795 , 4323.07692308 , 4025.12820513 , 4006.66666667 , 1731.0 , 1678.0 , 2.203 , 0.0 , 0.0 , 0.0 , 0.0 , 

91.0 , 4465.12820513 , 4388.71794872 , 4435.38461538 , 3683.07692308 , 4385.64102564 , 4546.66666667 , 4518.97435897 , 4565.12820513 , 3959.48717949 , 4104.1025641 , 4280.0 , 4326.15384615 , 4029.74358974 , 4004.61538462 , 1730.0 , 1678.0 , 2.203 , 0.0 , 0.0 , 0.0 , 0.0 , 

92.0 , 4478.97435897 , 4389.23076923 , 4430.25641026 , 3683.07692308 , 4383.58974359 , 4544.61538462 , 4518.97435897 , 4562.56410256 , 3955.38461538 , 4104.61538462 , 4275.8974359 , 4323.07692308 , 4023.07692308 , 3997.94871795 , 1730.0 , 1677.0 , 2.203 , 0.0 , 0.0 , 0.0 , 0.0 , 

93.0 , 4497.43589744 , 4387.69230769 , 4420.0 , 3680.0 , 4381.53846154 , 4545.64102564 , 4517.43589744 , 4560.51282051 , 3950.25641026 , 4104.61538462 , 4272.30769231 , 4318.46153846 , 4013.84615385 , 3991.79487179 , 1729.0 , 1677.0 , 2.219 , 0.0 , 0.0 , 0.0 , 0.0 , 

94.0 , 4485.12820513 , 4385.64102564 , 4417.94871795 , 3678.97435897 , 4382.56410256 , 4547.17948718 , 4515.8974359 , 4558.46153846 , 3948.20512821 , 4104.1025641 , 4272.30769231 , 4317.43589744 , 4012.30769231 , 3987.69230769 , 1729.0 , 1675.0 , 2.234 , 0.0 , 0.0 , 0.0 , 0.0 , 

95.0 , 4458.97435897 , 4386.15384615 , 4421.02564103 , 3680.51282051 , 4385.64102564 , 4547.17948718 , 4515.8974359 , 4560.51282051 , 3948.20512821 , 4104.61538462 , 4272.82051282 , 4317.43589744 , 4017.43589744 , 3987.69230769 , 1727.0 , 1675.0 , 2.234 , 0.0 , 0.0 , 0.0 , 0.0 , 

96.0 , 4447.17948718 , 4386.15384615 , 4418.46153846 , 3677.94871795 , 4384.1025641 , 4545.64102564 , 4509.74358974 , 4557.94871795 , 3946.15384615 , 4104.1025641 , 4271.79487179 , 4321.02564103 , 4017.43589744 , 3985.64102564 , 1728.0 , 1675.0 , 2.25 , 0.0 , 0.0 , 0.0 , 0.0 , 

97.0 , 4446.66666667 , 4384.1025641 , 4417.43589744 , 3676.41025641 , 4383.07692308 , 4543.07692308 , 4502.05128205 , 4554.35897436 , 3943.58974359 , 4103.07692308 , 4272.82051282 , 4323.07692308 , 4011.28205128 , 3983.58974359 , 1727.0 , 1674.0 , 2.25 , 0.0 , 0.0 , 0.0 , 0.0 , 

98.0 , 4447.17948718 , 4385.64102564 , 4418.97435897 , 3677.43589744 , 4384.1025641 , 4539.48717949 , 4501.02564103 , 4555.8974359 , 3943.07692308 , 4103.07692308 , 4275.8974359 , 4317.94871795 , 4006.66666667 , 3983.07692308 , 1726.0 , 1676.0 , 2.25 , 0.0 , 0.0 , 0.0 , 0.0 , 

99.0 , 4444.61538462 , 4389.23076923 , 4413.84615385 , 3674.87179487 , 4383.58974359 , 4540.0 , 4506.15384615 , 4557.94871795 , 3945.64102564 , 4104.1025641 , 4274.35897436 , 4315.38461538 , 4010.25641026 , 3982.05128205 , 1726.0 , 1674.0 , 2.266 , 0.0 , 0.0 , 0.0 , 0.0 , 

100.0 , 4438.46153846 , 4388.71794872 , 4411.28205128 , 3672.30769231 , 4382.05128205 , 4543.07692308 , 4511.79487179 , 4560.51282051 , 3946.66666667 , 4103.58974359 , 4271.79487179 , 4320.51282051 , 4017.94871795 , 3981.53846154 , 1725.0 , 1676.0 , 2.266 , 0.0 , 0.0 , 0.0 , 0.0 , 

101.0 , 4444.1025641 , 4386.15384615 , 4421.02564103 , 3673.33333333 , 4383.07692308 , 4547.69230769 , 4513.84615385 , 4566.66666667 , 3951.28205128 , 4104.1025641 , 4274.35897436 , 4321.53846154 , 4023.58974359 , 3986.66666667 , 1725.0 , 1674.0 , 2.281 , 0.0 , 0.0 , 0.0 , 0.0 , 

102.0 , 4451.28205128 , 4387.17948718 , 4422.05128205 , 3674.35897436 , 4385.12820513 , 4548.20512821 , 4509.23076923 , 4563.58974359 , 3951.28205128 , 4105.64102564 , 4273.84615385 , 4318.97435897 , 4018.46153846 , 3987.69230769 , 1724.0 , 1674.0 , 2.281 , 0.0 , 0.0 , 0.0 , 0.0 , 

103.0 , 4455.8974359 , 4387.69230769 , 4408.71794872 , 3673.33333333 , 4383.58974359 , 4546.15384615 , 4505.12820513 , 4557.94871795 , 3949.23076923 , 4105.12820513 , 4270.76923077 , 4319.48717949 , 4013.84615385 , 3988.71794872 , 1724.0 , 1674.0 , 2.297 , 0.0 , 0.0 , 0.0 , 0.0 , 

104.0 , 4449.23076923 , 4389.23076923 , 4400.0 , 3670.25641026 , 4384.1025641 , 4544.1025641 , 4502.05128205 , 4557.43589744 , 3949.23076923 , 4103.07692308 , 4270.25641026 , 4319.48717949 , 4012.30769231 , 3990.76923077 , 1724.0 , 1674.0 , 2.297 , 0.0 , 0.0 , 0.0 , 0.0 , 

105.0 , 4431.28205128 , 4388.20512821 , 4401.53846154 , 3668.71794872 , 4388.71794872 , 4545.12820513 , 4498.46153846 , 4553.84615385 , 3944.61538462 , 4103.07692308 , 4270.25641026 , 4315.8974359 , 4008.20512821 , 3982.56410256 , 1723.0 , 1673.0 , 2.313 , 0.0 , 0.0 , 0.0 , 0.0 , 

106.0 , 4426.66666667 , 4387.17948718 , 4400.51282051 , 3668.71794872 , 4388.20512821 , 4546.15384615 , 4498.46153846 , 4550.76923077 , 3940.51282051 , 4103.58974359 , 4269.23076923 , 4316.92307692 , 4006.66666667 , 3973.84615385 , 1723.0 , 1672.0 , 2.328 , 0.0 , 0.0 , 0.0 , 0.0 , 

107.0 , 4437.94871795 , 4388.71794872 , 4396.41025641 , 3670.25641026 , 4386.66666667 , 4552.30769231 , 4507.69230769 , 4559.48717949 , 3949.23076923 , 4103.07692308 , 4272.82051282 , 4320.51282051 , 4013.33333333 , 3978.97435897 , 1723.0 , 1672.0 , 2.328 , 0.0 , 0.0 , 0.0 , 0.0 , 

108.0 , 4439.48717949 , 4388.71794872 , 4398.46153846 , 3671.79487179 , 4388.20512821 , 4557.43589744 , 4512.30769231 , 4561.53846154 , 3953.84615385 , 4103.07692308 , 4273.33333333 , 4320.51282051 , 4015.38461538 , 3983.07692308 , 1721.0 , 1672.0 , 2.328 , 0.0 , 0.0 , 0.0 , 0.0 , 

109.0 , 4436.92307692 , 4386.66666667 , 4403.07692308 , 3675.38461538 , 4385.12820513 , 4554.87179487 , 4507.17948718 , 4555.38461538 , 3945.64102564 , 4103.58974359 , 4269.23076923 , 4321.02564103 , 4012.30769231 , 3983.58974359 , 1722.0 , 1671.0 , 2.344 , 0.0 , 0.0 , 0.0 , 0.0 , 

110.0 , 4437.43589744 , 4388.20512821 , 4398.46153846 , 3673.84615385 , 4380.51282051 , 4548.20512821 , 4500.0 , 4552.82051282 , 3941.02564103 , 4103.58974359 , 4269.23076923 , 4322.05128205 , 4010.76923077 , 3984.1025641 , 1722.0 , 1671.0 , 2.344 , 0.0 , 0.0 , 0.0 , 0.0 , 

111.0 , 4431.28205128 , 4388.20512821 , 4395.8974359 , 3668.20512821 , 4382.56410256 , 4543.58974359 , 4498.97435897 , 4553.84615385 , 3941.53846154 , 4103.58974359 , 4270.25641026 , 4317.43589744 , 4006.66666667 , 3981.02564103 , 1722.0 , 1670.0 , 2.359 , 0.0 , 0.0 , 0.0 , 0.0 , 

112.0 , 4433.84615385 , 4386.15384615 , 4406.66666667 , 3671.79487179 , 4384.61538462 , 4546.15384615 , 4508.20512821 , 4560.0 , 3948.20512821 , 4103.58974359 , 4271.79487179 , 4315.8974359 , 4009.23076923 , 3979.48717949 , 1722.0 , 1671.0 , 2.375 , 0.0 , 0.0 , 0.0 , 0.0 , 

113.0 , 4440.51282051 , 4387.17948718 , 4412.30769231 , 3681.02564103 , 4382.05128205 , 4549.23076923 , 4514.35897436 , 4562.05128205 , 3952.82051282 , 4103.58974359 , 4274.87179487 , 4321.02564103 , 4012.82051282 , 3980.51282051 , 1723.0 , 1670.0 , 2.375 , 0.0 , 0.0 , 0.0 , 0.0 , 

114.0 , 4424.61538462 , 4388.71794872 , 4405.12820513 , 3676.92307692 , 4380.51282051 , 4545.12820513 , 4505.12820513 , 4555.38461538 , 3943.07692308 , 4103.58974359 , 4274.87179487 , 4320.51282051 , 4007.69230769 , 3973.33333333 , 1722.0 , 1671.0 , 2.375 , 0.0 , 0.0 , 0.0 , 0.0 , 

115.0 , 4415.8974359 , 4387.69230769 , 4403.07692308 , 3666.66666667 , 4383.07692308 , 4541.02564103 , 4497.94871795 , 4552.82051282 , 3935.38461538 , 4103.58974359 , 4270.76923077 , 4314.87179487 , 4004.1025641 , 3968.20512821 , 1723.0 , 1671.0 , 2.391 , 0.0 , 0.0 , 0.0 , 0.0 , 

116.0 , 4426.66666667 , 4387.69230769 , 4406.15384615 , 3670.76923077 , 4383.58974359 , 4545.12820513 , 4504.1025641 , 4558.46153846 , 3944.61538462 , 4103.58974359 , 4269.74358974 , 4314.87179487 , 4003.58974359 , 3975.8974359 , 1723.0 , 1671.0 , 2.406 , 0.0 , 0.0 , 0.0 , 0.0 , 

117.0 , 4418.97435897 , 4387.69230769 , 4407.17948718 , 3674.87179487 , 4382.05128205 , 4544.61538462 , 4503.58974359 , 4557.43589744 , 3945.12820513 , 4103.58974359 , 4269.74358974 , 4316.41025641 , 4000.51282051 , 3978.97435897 , 1723.0 , 1673.0 , 2.406 , 0.0 , 0.0 , 0.0 , 0.0 , 

118.0 , 4422.56410256 , 4387.17948718 , 4410.76923077 , 3673.33333333 , 4381.53846154 , 4541.53846154 , 4498.46153846 , 4554.87179487 , 3936.92307692 , 4103.07692308 , 4270.25641026 , 4315.8974359 , 4007.17948718 , 3981.53846154 , 1724.0 , 1672.0 , 2.422 , 0.0 , 0.0 , 0.0 , 0.0 , 

119.0 , 4464.1025641 , 4388.71794872 , 4411.79487179 , 3676.92307692 , 4383.58974359 , 4543.58974359 , 4497.43589744 , 4556.41025641 , 3937.94871795 , 4103.58974359 , 4273.33333333 , 4316.92307692 , 4016.41025641 , 3994.87179487 , 1723.0 , 1675.0 , 2.422 , 0.0 , 0.0 , 0.0 , 0.0 , 

120.0 , 4484.1025641 , 4388.71794872 , 4411.28205128 , 3678.97435897 , 4384.1025641 , 4546.15384615 , 4500.0 , 4556.92307692 , 3940.0 , 4103.58974359 , 4274.35897436 , 4321.02564103 , 4017.43589744 , 4009.23076923 , 1723.0 , 1675.0 , 2.422 , 0.0 , 0.0 , 0.0 , 0.0 , 

121.0 , 4460.0 , 4387.17948718 , 4415.38461538 , 3676.92307692 , 4383.07692308 , 4544.1025641 , 4505.12820513 , 4557.43589744 , 3938.46153846 , 4103.07692308 , 4273.33333333 , 4323.07692308 , 4016.41025641 , 4015.8974359 , 1723.0 , 1677.0 , 2.438 , 0.0 , 0.0 , 0.0 , 0.0 , 

122.0 , 4454.87179487 , 4387.69230769 , 4421.02564103 , 3680.0 , 4383.58974359 , 4543.07692308 , 4507.69230769 , 4562.05128205 , 3948.20512821 , 4103.58974359 , 4276.92307692 , 4323.58974359 , 4017.94871795 , 4017.94871795 , 1723.0 , 1678.0 , 2.453 , 0.0 , 0.0 , 0.0 , 0.0 , 

123.0 , 4477.94871795 , 4388.20512821 , 4422.05128205 , 3681.02564103 , 4383.07692308 , 4543.58974359 , 4505.64102564 , 4564.1025641 , 3956.41025641 , 4105.12820513 , 4282.56410256 , 4326.15384615 , 4021.02564103 , 4018.46153846 , 1723.0 , 1678.0 , 2.453 , 0.0 , 0.0 , 0.0 , 0.0 , 

124.0 , 4483.58974359 , 4387.17948718 , 4421.53846154 , 3675.8974359 , 4381.02564103 , 4543.58974359 , 4509.23076923 , 4563.07692308 , 3950.25641026 , 4104.61538462 , 4284.1025641 , 4326.15384615 , 4027.69230769 , 4023.07692308 , 1723.0 , 1680.0 , 2.453 , 0.0 , 0.0 , 0.0 , 0.0 , 

125.0 , 4472.82051282 , 4387.17948718 , 4421.02564103 , 3677.43589744 , 4381.53846154 , 4544.1025641 , 4510.76923077 , 4562.05128205 , 3946.15384615 , 4103.58974359 , 4284.61538462 , 4325.12820513 , 4030.25641026 , 4024.1025641 , 1724.0 , 1681.0 , 2.469 , 0.0 , 0.0 , 0.0 , 0.0 , 

126.0 , 4468.71794872 , 4387.17948718 , 4418.46153846 , 3681.02564103 , 4382.05128205 , 4546.15384615 , 4505.64102564 , 4564.1025641 , 3950.25641026 , 4105.12820513 , 4287.17948718 , 4326.15384615 , 4027.17948718 , 4020.0 , 1725.0 , 1682.0 , 2.469 , 0.0 , 0.0 , 0.0 , 0.0 , 

127.0 , 4465.12820513 , 4387.17948718 , 4412.82051282 , 3678.46153846 , 4382.05128205 , 4546.15384615 , 4506.15384615 , 4564.1025641 , 3946.66666667 , 4106.15384615 , 4284.1025641 , 4326.15384615 , 4020.0 , 4017.43589744 , 1725.0 , 1682.0 , 2.484 , 0.0 , 0.0 , 0.0 , 0.0 , 

128.0 , 4452.82051282 , 4387.17948718 , 4410.25641026 , 3676.41025641 , 4383.07692308 , 4545.12820513 , 4507.17948718 , 4560.0 , 3936.92307692 , 4105.64102564 , 4278.46153846 , 4322.56410256 , 4011.28205128 , 4016.41025641 , 1725.0 , 1684.0 , 2.5 , 0.0 , 0.0 , 0.0 , 0.0 , 

0.0 , 4448.71794872 , 4387.17948718 , 4415.8974359 , 3678.46153846 , 4383.58974359 , 4546.66666667 , 4502.05128205 , 4558.46153846 , 3937.43589744 , 4105.64102564 , 4278.46153846 , 4323.58974359 , 4009.23076923 , 4010.76923077 , 1726.0 , 1683.0 , 2.5 , 0.0 , 0.0 , 0.0 , 0.0 , 

1.0 , 4455.38461538 , 4387.17948718 , 4420.0 , 3678.46153846 , 4383.07692308 , 4546.15384615 , 4503.07692308 , 4561.02564103 , 3945.12820513 , 4105.64102564 , 4282.05128205 , 4327.17948718 , 4010.76923077 , 4006.15384615 , 1725.0 , 1684.0 , 2.516 , 0.0 , 0.0 , 0.0 , 0.0 , 

2.0 , 4456.92307692 , 4387.17948718 , 4418.97435897 , 3676.92307692 , 4383.07692308 , 4547.17948718 , 4511.79487179 , 4566.66666667 , 3951.28205128 , 4105.64102564 , 4283.07692308 , 4327.69230769 , 4017.43589744 , 4011.79487179 , 1727.0 , 1684.0 , 2.516 , 0.0 , 0.0 , 0.0 , 0.0 , 

3.0 , 4453.33333333 , 4387.17948718 , 4418.46153846 , 3676.92307692 , 4384.61538462 , 4548.20512821 , 4514.35897436 , 4572.30769231 , 3951.79487179 , 4105.64102564 , 4285.64102564 , 4327.69230769 , 4026.66666667 , 4020.51282051 , 1726.0 , 1685.0 , 2.531 , 0.0 , 0.0 , 0.0 , 0.0 , 

4.0 , 4448.71794872 , 4387.17948718 , 4417.43589744 , 3675.38461538 , 4385.12820513 , 4546.15384615 , 4513.84615385 , 4574.35897436 , 3952.82051282 , 4106.15384615 , 4287.17948718 , 4330.25641026 , 4025.12820513 , 4021.53846154 , 1727.0 , 1686.0 , 2.531 , 0.0 , 0.0 , 0.0 , 0.0 , 

5.0 , 4451.79487179 , 4387.17948718 , 4416.41025641 , 3675.38461538 , 4383.07692308 , 4547.69230769 , 4518.46153846 , 4574.87179487 , 3960.51282051 , 4106.15384615 , 4284.1025641 , 4328.71794872 , 4017.43589744 , 4016.41025641 , 1727.0 , 1685.0 , 2.547 , 0.0 , 0.0 , 0.0 , 0.0 , 

6.0 , 4457.43589744 , 4387.17948718 , 4420.0 , 3680.51282051 , 4382.56410256 , 4555.38461538 , 4521.53846154 , 4578.46153846 , 3969.23076923 , 4105.12820513 , 4284.61538462 , 4326.15384615 , 4021.53846154 , 4013.33333333 , 1728.0 , 1686.0 , 2.547 , 0.0 , 0.0 , 0.0 , 0.0 , 

7.0 , 4448.20512821 , 4387.17948718 , 4416.92307692 , 3683.58974359 , 4385.12820513 , 4554.35897436 , 4515.38461538 , 4575.8974359 , 3963.07692308 , 4104.1025641 , 4285.64102564 , 4326.66666667 , 4024.61538462 , 4010.25641026 , 1727.0 , 1685.0 , 2.547 , 0.0 , 0.0 , 0.0 , 0.0 , 

8.0 , 4444.61538462 , 4387.17948718 , 4407.17948718 , 3681.02564103 , 4386.15384615 , 4550.25641026 , 4510.76923077 , 4568.20512821 , 3953.33333333 , 4104.61538462 , 4283.58974359 , 4325.12820513 , 4018.97435897 , 4010.76923077 , 1727.0 , 1685.0 , 2.563 , 0.0 , 0.0 , 0.0 , 0.0 , 

9.0 , 4447.17948718 , 4387.17948718 , 4404.1025641 , 3676.41025641 , 4382.56410256 , 4549.23076923 , 4508.20512821 , 4562.56410256 , 3950.25641026 , 4104.61538462 , 4281.02564103 , 4322.05128205 , 4012.30769231 , 4008.20512821 , 1727.0 , 1684.0 , 2.578 , 0.0 , 0.0 , 0.0 , 0.0 , 

10.0 , 4437.94871795 , 4387.17948718 , 4408.71794872 , 3675.8974359 , 4382.05128205 , 4548.71794872 , 4501.53846154 , 4558.46153846 , 3945.64102564 , 4104.1025641 , 4280.51282051 , 4323.58974359 , 4009.23076923 , 4004.61538462 , 1727.0 , 1684.0 , 2.578 , 0.0 , 0.0 , 0.0 , 0.0 , 

11.0 , 4428.20512821 , 4387.17948718 , 4409.23076923 , 3677.94871795 , 4383.07692308 , 4549.23076923 , 4495.38461538 , 4556.41025641 , 3941.02564103 , 4104.61538462 , 4280.51282051 , 4325.12820513 , 4010.25641026 , 4011.28205128 , 1728.0 , 1683.0 , 2.594 , 0.0 , 0.0 , 0.0 , 0.0 , 

12.0 , 4441.53846154 , 4387.17948718 , 4409.74358974 , 3677.94871795 , 4384.61538462 , 4553.33333333 , 4498.46153846 , 4561.02564103 , 3946.66666667 , 4104.61538462 , 4281.53846154 , 4322.56410256 , 4014.35897436 , 4018.46153846 , 1726.0 , 1685.0 , 2.594 , 0.0 , 0.0 , 0.0 , 0.0 , 

13.0 , 4460.0 , 4387.17948718 , 4412.82051282 , 3676.41025641 , 4387.17948718 , 4554.35897436 , 4507.69230769 , 4565.12820513 , 3954.87179487 , 4104.61538462 , 4284.1025641 , 4325.12820513 , 4022.05128205 , 4017.43589744 , 1727.0 , 1685.0 , 2.594 , 0.0 , 0.0 , 0.0 , 0.0 , 

14.0 , 4457.94871795 , 4387.17948718 , 4413.84615385 , 3677.43589744 , 4386.66666667 , 4550.76923077 , 4508.71794872 , 4560.51282051 , 3948.71794872 , 4104.61538462 , 4285.12820513 , 4327.69230769 , 4028.71794872 , 4013.84615385 , 1726.0 , 1685.0 , 2.609 , 0.0 , 0.0 , 0.0 , 0.0 , 

15.0 , 4443.58974359 , 4387.17948718 , 4410.25641026 , 3680.0 , 4382.56410256 , 4546.66666667 , 4498.97435897 , 4553.33333333 , 3932.82051282 , 4104.61538462 , 4281.53846154 , 4323.07692308 , 4021.53846154 , 4012.30769231 , 1727.0 , 1686.0 , 2.625 , 0.0 , 0.0 , 0.0 , 0.0 , 

16.0 , 4437.43589744 , 4387.17948718 , 4407.17948718 , 3678.46153846 , 4382.56410256 , 4538.46153846 , 4489.23076923 , 4548.20512821 , 3924.1025641 , 4104.1025641 , 4274.87179487 , 4321.53846154 , 4007.69230769 , 4008.71794872 , 1727.0 , 1686.0 , 2.625 , 0.0 , 0.0 , 0.0 , 0.0 , 

17.0 , 4444.61538462 , 4387.17948718 , 4406.66666667 , 3675.38461538 , 4385.64102564 , 4532.30769231 , 4491.79487179 , 4549.74358974 , 3928.71794872 , 4104.61538462 , 4275.38461538 , 4326.15384615 , 4010.25641026 , 4006.66666667 , 1725.0 , 1687.0 , 2.641 , 0.0 , 0.0 , 0.0 , 0.0 , 

18.0 , 4447.17948718 , 4387.17948718 , 4409.74358974 , 3676.92307692 , 4384.1025641 , 4535.8974359 , 4498.46153846 , 4554.35897436 , 3932.30769231 , 4104.61538462 , 4283.58974359 , 4327.17948718 , 4020.0 , 4008.20512821 , 1726.0 , 1686.0 , 2.641 , 0.0 , 0.0 , 0.0 , 0.0 , 

19.0 , 4448.20512821 , 4387.17948718 , 4417.43589744 , 3681.53846154 , 4381.53846154 , 4544.1025641 , 4502.56410256 , 4558.46153846 , 3935.38461538 , 4104.61538462 , 4286.15384615 , 4325.12820513 , 4023.07692308 , 4011.28205128 , 1724.0 , 1687.0 , 2.656 , 0.0 , 0.0 , 0.0 , 0.0 , 

20.0 , 4451.79487179 , 4387.17948718 , 4418.97435897 , 3683.58974359 , 4382.56410256 , 4549.74358974 , 4508.71794872 , 4560.51282051 , 3942.05128205 , 4104.61538462 , 4284.1025641 , 4325.64102564 , 4025.12820513 , 4013.84615385 , 1725.0 , 1688.0 , 2.656 , 0.0 , 0.0 , 0.0 , 0.0 , 

21.0 , 4447.69230769 , 4387.69230769 , 4416.92307692 , 3682.56410256 , 4384.1025641 , 4556.41025641 , 4512.30769231 , 4564.61538462 , 3949.23076923 , 4105.12820513 , 4287.17948718 , 4326.66666667 , 4029.74358974 , 4014.87179487 , 1725.0 , 1687.0 , 2.672 , 0.0 , 0.0 , 0.0 , 0.0 , 

22.0 , 4442.05128205 , 4387.17948718 , 4417.43589744 , 3681.53846154 , 4384.1025641 , 4556.92307692 , 4506.15384615 , 4561.53846154 , 3949.23076923 , 4104.1025641 , 4290.25641026 , 4326.66666667 , 4030.25641026 , 4015.38461538 , 1725.0 , 1685.0 , 2.672 , 0.0 , 0.0 , 0.0 , 0.0 , 

23.0 , 4449.74358974 , 4387.17948718 , 4416.92307692 , 3680.0 , 4383.58974359 , 4550.25641026 , 4499.48717949 , 4553.33333333 , 3941.53846154 , 4102.56410256 , 4286.66666667 , 4326.66666667 , 4026.66666667 , 4017.43589744 , 1724.0 , 1685.0 , 2.672 , 0.0 , 0.0 , 0.0 , 0.0 , 

24.0 , 4456.41025641 , 4388.71794872 , 4418.46153846 , 3676.92307692 , 4384.1025641 , 4545.64102564 , 4499.48717949 , 4552.82051282 , 3936.41025641 , 4103.58974359 , 4282.56410256 , 4326.15384615 , 4019.48717949 , 4020.51282051 , 1725.0 , 1683.0 , 2.688 , 0.0 , 0.0 , 0.0 , 0.0 , 

25.0 , 4455.8974359 , 4389.23076923 , 4423.58974359 , 3676.92307692 , 4384.1025641 , 4549.23076923 , 4502.05128205 , 4556.92307692 , 3936.92307692 , 4104.61538462 , 4284.1025641 , 4326.66666667 , 4015.8974359 , 4017.94871795 , 1724.0 , 1682.0 , 2.703 , 0.0 , 0.0 , 0.0 , 0.0 , 

26.0 , 4453.84615385 , 4387.17948718 , 4422.56410256 , 3679.48717949 , 4383.07692308 , 4550.76923077 , 4503.07692308 , 4554.87179487 , 3934.35897436 , 4104.61538462 , 4285.64102564 , 4326.15384615 , 4018.97435897 , 4006.15384615 , 1725.0 , 1681.0 , 2.703 , 0.0 , 0.0 , 0.0 , 0.0 , 

27.0 , 4448.20512821 , 4387.17948718 , 4422.05128205 , 3682.56410256 , 4384.1025641 , 4551.79487179 , 4507.69230769 , 4555.38461538 , 3935.38461538 , 4104.1025641 , 4285.64102564 , 4324.61538462 , 4022.56410256 , 4002.05128205 , 1725.0 , 1678.0 , 2.719 , 0.0 , 0.0 , 0.0 , 0.0 , 

28.0 , 4445.12820513 , 4388.20512821 , 4427.69230769 , 3681.53846154 , 4384.61538462 , 4557.94871795 , 4511.79487179 , 4559.48717949 , 3941.02564103 , 4104.61538462 , 4285.64102564 , 4324.61538462 , 4022.05128205 , 4011.28205128 , 1725.0 , 1678.0 , 2.719 , 0.0 , 0.0 , 0.0 , 0.0 , 

29.0 , 4450.76923077 , 4388.71794872 , 4431.79487179 , 3679.48717949 , 4383.58974359 , 4559.48717949 , 4510.25641026 , 4556.92307692 , 3939.48717949 , 4104.61538462 , 4287.17948718 , 4327.17948718 , 4020.0 , 4015.38461538 , 1726.0 , 1676.0 , 2.734 , 0.0 , 0.0 , 0.0 , 0.0 , 

30.0 , 4447.69230769 , 4388.71794872 , 4431.28205128 , 3678.97435897 , 4383.58974359 , 4549.23076923 , 4508.20512821 , 4552.30769231 , 3933.33333333 , 4104.61538462 , 4286.66666667 , 4326.15384615 , 4016.41025641 , 4011.79487179 , 1726.0 , 1675.0 , 2.734 , 0.0 , 0.0 , 0.0 , 0.0 , 

31.0 , 4443.58974359 , 4387.69230769 , 4431.28205128 , 3677.94871795 , 4384.1025641 , 4544.1025641 , 4509.23076923 , 4552.30769231 , 3932.82051282 , 4104.61538462 , 4284.61538462 , 4325.12820513 , 4017.43589744 , 4012.82051282 , 1726.0 , 1674.0 , 2.75 , 0.0 , 0.0 , 0.0 , 0.0 , 

32.0 , 4451.79487179 , 4386.15384615 , 4429.23076923 , 3677.43589744 , 4383.07692308 , 4548.20512821 , 4508.71794872 , 4552.30769231 , 3935.38461538 , 4104.61538462 , 4286.66666667 , 4326.66666667 , 4022.05128205 , 4015.8974359 , 1725.0 , 1673.0 , 2.75 , 0.0 , 0.0 , 0.0 , 0.0 , 

33.0 , 4460.0 , 4386.66666667 , 4428.20512821 , 3675.8974359 , 4382.56410256 , 4544.61538462 , 4505.12820513 , 4549.74358974 , 3935.8974359 , 4104.1025641 , 4291.28205128 , 4327.69230769 , 4023.58974359 , 4011.79487179 , 1726.0 , 1671.0 , 2.766 , 0.0 , 0.0 , 0.0 , 0.0 , 

34.0 , 4453.33333333 , 4388.20512821 , 4426.66666667 , 3675.8974359 , 4382.56410256 , 4542.05128205 , 4504.61538462 , 4547.17948718 , 3933.84615385 , 4104.61538462 , 4290.25641026 , 4327.69230769 , 4023.58974359 , 4009.23076923 , 1726.0 , 1670.0 , 2.766 , 0.0 , 0.0 , 0.0 , 0.0 , 

35.0 , 4441.02564103 , 4388.20512821 , 4423.07692308 , 3678.46153846 , 4382.56410256 , 4549.23076923 , 4503.58974359 , 4545.12820513 , 3931.28205128 , 4104.1025641 , 4288.71794872 , 4327.17948718 , 4024.61538462 , 4015.38461538 , 1726.0 , 1670.0 , 2.781 , 0.0 , 0.0 , 0.0 , 0.0 , 

36.0 , 4443.58974359 , 4388.20512821 , 4425.12820513 , 3682.05128205 , 4382.56410256 , 4553.84615385 , 4506.66666667 , 4549.74358974 , 3936.92307692 , 4104.61538462 , 4290.76923077 , 4325.64102564 , 4030.76923077 , 4020.0 , 1726.0 , 1671.0 , 2.781 , 0.0 , 0.0 , 0.0 , 0.0 , 

37.0 , 4453.84615385 , 4388.20512821 , 4428.20512821 , 3684.61538462 , 4383.58974359 , 4550.76923077 , 4511.79487179 , 4555.38461538 , 3944.1025641 , 4104.1025641 , 4291.28205128 , 4327.17948718 , 4037.43589744 , 4015.8974359 , 1725.0 , 1669.0 , 2.797 , 0.0 , 0.0 , 0.0 , 0.0 , 

38.0 , 4453.33333333 , 4388.20512821 , 4426.66666667 , 3685.12820513 , 4383.07692308 , 4545.64102564 , 4507.17948718 , 4551.28205128 , 3941.02564103 , 4104.61538462 , 4290.76923077 , 4327.69230769 , 4037.43589744 , 4013.33333333 , 1725.0 , 1670.0 , 2.797 , 0.0 , 0.0 , 0.0 , 0.0 , 

39.0 , 4440.51282051 , 4387.69230769 , 4424.61538462 , 3681.53846154 , 4383.58974359 , 4541.53846154 , 4499.48717949 , 4547.17948718 , 3934.35897436 , 4104.1025641 , 4291.28205128 , 4327.17948718 , 4030.76923077 , 4015.8974359 , 1724.0 , 1669.0 , 2.813 , 0.0 , 0.0 , 0.0 , 0.0 , 

40.0 , 4436.92307692 , 4386.66666667 , 4428.71794872 , 3681.02564103 , 4384.61538462 , 4548.20512821 , 4503.07692308 , 4553.33333333 , 3940.0 , 4104.61538462 , 4291.79487179 , 4327.17948718 , 4033.33333333 , 4017.94871795 , 1723.0 , 1669.0 , 2.813 , 0.0 , 0.0 , 0.0 , 0.0 , 

41.0 , 4436.41025641 , 4387.17948718 , 4428.20512821 , 3681.53846154 , 4384.61538462 , 4552.30769231 , 4501.53846154 , 4555.8974359 , 3943.58974359 , 4104.1025641 , 4291.28205128 , 4328.71794872 , 4036.41025641 , 4011.28205128 , 1724.0 , 1669.0 , 2.828 , 0.0 , 0.0 , 0.0 , 0.0 , 

42.0 , 4430.76923077 , 4388.20512821 , 4422.56410256 , 3682.05128205 , 4384.61538462 , 4546.66666667 , 4495.38461538 , 4552.30769231 , 3938.97435897 , 4104.61538462 , 4290.25641026 , 4330.25641026 , 4031.28205128 , 4007.17948718 , 1723.0 , 1671.0 , 2.828 , 0.0 , 0.0 , 0.0 , 0.0 , 

43.0 , 4430.76923077 , 4388.20512821 , 4421.53846154 , 3683.58974359 , 4384.61538462 , 4544.61538462 , 4494.35897436 , 4549.23076923 , 3934.87179487 , 4104.61538462 , 4286.66666667 , 4328.20512821 , 4028.71794872 , 4007.69230769 , 1723.0 , 1671.0 , 2.844 , 0.0 , 0.0 , 0.0 , 0.0 , 

44.0 , 4437.94871795 , 4388.20512821 , 4425.64102564 , 3681.53846154 , 4384.61538462 , 4549.74358974 , 4494.87179487 , 4546.66666667 , 3933.33333333 , 4104.61538462 , 4284.1025641 , 4323.07692308 , 4030.76923077 , 4004.1025641 , 1722.0 , 1671.0 , 2.844 , 0.0 , 0.0 , 0.0 , 0.0 , 

45.0 , 4434.35897436 , 4388.71794872 , 4429.23076923 , 3676.92307692 , 4382.56410256 , 4549.74358974 , 4492.30769231 , 4544.61538462 , 3936.92307692 , 4104.61538462 , 4285.64102564 , 4323.07692308 , 4030.25641026 , 3999.48717949 , 1724.0 , 1671.0 , 2.844 , 0.0 , 0.0 , 0.0 , 0.0 , 

46.0 , 4422.05128205 , 4389.23076923 , 4428.71794872 , 3676.92307692 , 4382.05128205 , 4547.17948718 , 4491.28205128 , 4545.12820513 , 3938.97435897 , 4104.61538462 , 4287.17948718 , 4326.15384615 , 4029.74358974 , 4003.07692308 , 1725.0 , 1670.0 , 2.859 , 0.0 , 0.0 , 0.0 , 0.0 , 

47.0 , 4421.53846154 , 4389.23076923 , 4426.15384615 , 3678.46153846 , 4384.1025641 , 4547.69230769 , 4488.20512821 , 4543.58974359 , 3936.41025641 , 4104.61538462 , 4287.69230769 , 4328.71794872 , 4029.74358974 , 4004.61538462 , 1725.0 , 1670.0 , 2.875 , 0.0 , 0.0 , 0.0 , 0.0 , 

48.0 , 4426.66666667 , 4388.71794872 , 4421.02564103 , 3677.43589744 , 4383.58974359 , 4546.66666667 , 4484.1025641 , 4542.05128205 , 3935.38461538 , 4104.1025641 , 4286.15384615 , 4328.71794872 , 4027.17948718 , 3996.41025641 , 1725.0 , 1670.0 , 2.875 , 0.0 , 0.0 , 0.0 , 0.0 , 

49.0 , 4424.1025641 , 4387.17948718 , 4417.94871795 , 3676.92307692 , 4382.05128205 , 4544.61538462 , 4485.12820513 , 4543.07692308 , 3934.35897436 , 4104.61538462 , 4284.61538462 , 4325.12820513 , 4026.66666667 , 3994.87179487 , 1725.0 , 1670.0 , 2.891 , 0.0 , 0.0 , 0.0 , 0.0 , 

50.0 , 4420.51282051 , 4387.17948718 , 4419.48717949 , 3676.41025641 , 4382.05128205 , 4546.15384615 , 4490.76923077 , 4545.12820513 , 3932.30769231 , 4104.1025641 , 4285.64102564 , 4323.07692308 , 4029.74358974 , 4004.1025641 , 1726.0 , 1670.0 , 2.891 , 0.0 , 0.0 , 0.0 , 0.0 , 

51.0 , 4422.56410256 , 4387.69230769 , 4418.97435897 , 3677.43589744 , 4382.56410256 , 4547.69230769 , 4496.41025641 , 4548.20512821 , 3936.92307692 , 4104.61538462 , 4288.20512821 , 4327.17948718 , 4035.38461538 , 4010.76923077 , 1725.0 , 1670.0 , 2.906 , 0.0 , 0.0 , 0.0 , 0.0 , 

52.0 , 4424.61538462 , 4386.66666667 , 4414.87179487 , 3679.48717949 , 4382.56410256 , 4548.20512821 , 4498.46153846 , 4548.20512821 , 3942.56410256 , 4104.1025641 , 4287.69230769 , 4328.71794872 , 4037.43589744 , 4005.12820513 , 1726.0 , 1669.0 , 2.906 , 0.0 , 0.0 , 0.0 , 0.0 , 

53.0 , 4422.05128205 , 4386.15384615 , 4413.33333333 , 3678.46153846 , 4384.1025641 , 4552.82051282 , 4498.97435897 , 4547.17948718 , 3941.02564103 , 4104.61538462 , 4285.12820513 , 4325.64102564 , 4034.35897436 , 3999.48717949 , 1726.0 , 1669.0 , 2.922 , 0.0 , 0.0 , 0.0 , 0.0 , 

54.0 , 4415.38461538 , 4386.66666667 , 4409.23076923 , 3675.8974359 , 4384.61538462 , 4550.25641026 , 4496.41025641 , 4546.15384615 , 3937.94871795 , 4104.1025641 , 4284.1025641 , 4325.64102564 , 4030.25641026 , 4001.02564103 , 1727.0 , 1669.0 , 2.922 , 0.0 , 0.0 , 0.0 , 0.0 , 

55.0 , 4412.30769231 , 4386.66666667 , 4402.56410256 , 3675.38461538 , 4383.58974359 , 4546.15384615 , 4493.33333333 , 4547.69230769 , 3937.43589744 , 4104.61538462 , 4286.15384615 , 4326.15384615 , 4031.28205128 , 4001.53846154 , 1725.0 , 1670.0 , 2.938 , 0.0 , 0.0 , 0.0 , 0.0 , 

56.0 , 4415.38461538 , 4386.66666667 , 4400.51282051 , 3676.41025641 , 4383.07692308 , 4548.71794872 , 4494.35897436 , 4546.66666667 , 3936.41025641 , 4104.1025641 , 4286.66666667 , 4325.12820513 , 4033.33333333 , 3997.43589744 , 1726.0 , 1671.0 , 2.938 , 0.0 , 0.0 , 0.0 , 0.0 , 

57.0 , 4420.51282051 , 4386.15384615 , 4402.05128205 , 3679.48717949 , 4384.1025641 , 4551.79487179 , 4498.46153846 , 4548.20512821 , 3935.8974359 , 4104.61538462 , 4286.66666667 , 4323.07692308 , 4034.87179487 , 4001.53846154 , 1726.0 , 1670.0 , 2.953 , 0.0 , 0.0 , 0.0 , 0.0 , 

58.0 , 4418.97435897 , 4387.69230769 , 4402.56410256 , 3680.51282051 , 4385.64102564 , 4547.17948718 , 4496.92307692 , 4548.71794872 , 3935.8974359 , 4104.61538462 , 4286.66666667 , 4323.07692308 , 4034.87179487 , 4006.66666667 , 1726.0 , 1674.0 , 2.953 , 0.0 , 0.0 , 0.0 , 0.0 , 

59.0 , 4411.79487179 , 4389.74358974 , 4405.64102564 , 3678.46153846 , 4386.66666667 , 4544.1025641 , 4493.33333333 , 4547.69230769 , 3933.33333333 , 4104.61538462 , 4285.64102564 , 4324.61538462 , 4034.87179487 , 4002.05128205 , 1725.0 , 1673.0 , 2.969 , 0.0 , 0.0 , 0.0 , 0.0 , 

60.0 , 4410.76923077 , 4388.20512821 , 4408.20512821 , 3677.43589744 , 4388.20512821 , 4544.1025641 , 4491.28205128 , 4545.64102564 , 3926.15384615 , 4104.61538462 , 4285.64102564 , 4324.1025641 , 4031.28205128 , 3996.41025641 , 1725.0 , 1674.0 , 2.969 , 0.0 , 0.0 , 0.0 , 0.0 , 

61.0 , 4415.8974359 , 4386.66666667 , 4412.82051282 , 3678.97435897 , 4387.17948718 , 4545.64102564 , 4493.84615385 , 4544.1025641 , 3924.61538462 , 4104.61538462 , 4288.20512821 , 4323.07692308 , 4026.15384615 , 3997.94871795 , 1725.0 , 1674.0 , 2.984 , 0.0 , 0.0 , 0.0 , 0.0 , 

62.0 , 4414.87179487 , 4387.69230769 , 4415.8974359 , 3677.94871795 , 4383.58974359 , 4546.15384615 , 4493.84615385 , 4542.56410256 , 3926.15384615 , 4104.61538462 , 4285.64102564 , 4324.1025641 , 4023.58974359 , 3997.94871795 , 1725.0 , 1675.0 , 2.984 , 0.0 , 0.0 , 0.0 , 0.0 , 

63.0 , 4415.8974359 , 4388.71794872 , 4412.30769231 , 3675.38461538 , 4382.05128205 , 4542.56410256 , 4489.74358974 , 4543.07692308 , 3920.51282051 , 4104.1025641 , 4281.53846154 , 4323.58974359 , 4025.64102564 , 3997.43589744 , 1725.0 , 1675.0 , 3.0 , 0.0 , 0.0 , 0.0 , 0.0 , 

64.0 , 4420.51282051 , 4388.20512821 , 4410.76923077 , 3676.92307692 , 4383.07692308 , 4545.12820513 , 4492.82051282 , 4547.17948718 , 3921.02564103 , 4104.61538462 , 4284.1025641 , 4322.56410256 , 4031.28205128 , 4002.56410256 , 1724.0 , 1677.0 , 3.0 , 0.0 , 0.0 , 0.0 , 0.0 , 

65.0 , 4416.41025641 , 4387.69230769 , 4416.41025641 , 3679.48717949 , 4381.53846154 , 4551.28205128 , 4497.94871795 , 4550.25641026 , 3928.20512821 , 4104.61538462 , 4289.23076923 , 4323.07692308 , 4035.38461538 , 4002.05128205 , 1725.0 , 1678.0 , 3.016 , 0.0 , 0.0 , 0.0 , 0.0 , 

66.0 , 4419.48717949 , 4388.20512821 , 4417.43589744 , 3680.51282051 , 4381.53846154 , 4547.69230769 , 4493.33333333 , 4547.69230769 , 3927.17948718 , 4104.1025641 , 4288.71794872 , 4323.07692308 , 4034.35897436 , 3994.87179487 , 1724.0 , 1677.0 , 3.016 , 0.0 , 0.0 , 0.0 , 0.0 , 

67.0 , 4434.87179487 , 4388.20512821 , 4412.30769231 , 3682.05128205 , 4383.58974359 , 4543.07692308 , 4487.17948718 , 4545.64102564 , 3924.61538462 , 4104.61538462 , 4288.71794872 , 4323.58974359 , 4034.87179487 , 3995.8974359 , 1725.0 , 1679.0 , 3.031 , 0.0 , 0.0 , 0.0 , 0.0 , 

68.0 , 4433.84615385 , 4388.20512821 , 4411.79487179 , 3682.05128205 , 4384.61538462 , 4546.66666667 , 4490.76923077 , 4548.20512821 , 3925.64102564 , 4105.12820513 , 4290.25641026 , 4325.12820513 , 4040.0 , 4002.56410256 , 1725.0 , 1678.0 , 3.031 , 0.0 , 0.0 , 0.0 , 0.0 , 

69.0 , 4411.79487179 , 4388.20512821 , 4409.74358974 , 3676.92307692 , 4386.15384615 , 4546.15384615 , 4492.30769231 , 4546.15384615 , 3919.48717949 , 4104.61538462 , 4288.71794872 , 4322.56410256 , 4035.38461538 , 4002.05128205 , 1724.0 , 1679.0 , 3.047 , 0.0 , 0.0 , 0.0 , 0.0 , 

70.0 , 4413.33333333 , 4389.23076923 , 4406.15384615 , 3674.35897436 , 4386.15384615 , 4543.58974359 , 4489.23076923 , 4543.07692308 , 3916.41025641 , 4104.1025641 , 4287.17948718 , 4320.0 , 4028.71794872 , 3999.48717949 , 1725.0 , 1678.0 , 3.047 , 0.0 , 0.0 , 0.0 , 0.0 , 

71.0 , 4418.97435897 , 4389.23076923 , 4407.17948718 , 3676.92307692 , 4382.56410256 , 4540.0 , 4486.15384615 , 4542.56410256 , 3914.35897436 , 4104.1025641 , 4286.66666667 , 4323.07692308 , 4026.15384615 , 3993.84615385 , 1725.0 , 1679.0 , 3.063 , 0.0 , 0.0 , 0.0 , 0.0 , 

72.0 , 4399.48717949 , 4389.74358974 , 4410.76923077 , 3675.38461538 , 4381.53846154 , 4540.0 , 4485.64102564 , 4540.0 , 3907.17948718 , 4104.61538462 , 4287.17948718 , 4321.02564103 , 4024.61538462 , 3988.20512821 , 1725.0 , 1678.0 , 3.063 , 0.0 , 0.0 , 0.0 , 0.0 , 

73.0 , 4393.84615385 , 4389.74358974 , 4409.23076923 , 3673.33333333 , 4387.17948718 , 4543.07692308 , 4484.1025641 , 4536.92307692 , 3905.64102564 , 4104.61538462 , 4285.64102564 , 4317.94871795 , 4022.56410256 , 3991.79487179 , 1725.0 , 1679.0 , 3.078 , 0.0 , 0.0 , 0.0 , 0.0 , 

74.0 , 4417.43589744 , 4387.69230769 , 4408.71794872 , 3676.92307692 , 4387.69230769 , 4545.64102564 , 4485.12820513 , 4542.56410256 , 3913.84615385 , 4104.61538462 , 4285.64102564 , 4322.56410256 , 4025.12820513 , 3997.43589744 , 1725.0 , 1680.0 , 3.078 , 0.0 , 0.0 , 0.0 , 0.0 , 

75.0 , 4425.12820513 , 4387.69230769 , 4410.76923077 , 3680.51282051 , 4383.58974359 , 4546.15384615 , 4488.71794872 , 4546.15384615 , 3918.46153846 , 4104.61538462 , 4289.74358974 , 4323.58974359 , 4027.69230769 , 3994.87179487 , 1725.0 , 1681.0 , 3.094 , 0.0 , 0.0 , 0.0 , 0.0 , 

76.0 , 4418.46153846 , 4388.71794872 , 4411.79487179 , 3682.05128205 , 4383.07692308 , 4546.15384615 , 4487.69230769 , 4540.51282051 , 3917.94871795 , 4104.61538462 , 4290.25641026 , 4318.97435897 , 4032.30769231 , 3999.48717949 , 1725.0 , 1681.0 , 3.094 , 0.0 , 0.0 , 0.0 , 0.0 , 

77.0 , 4417.94871795 , 4387.69230769 , 4412.82051282 , 3682.05128205 , 4383.58974359 , 4538.46153846 , 4480.51282051 , 4536.41025641 , 3916.41025641 , 4104.61538462 , 4287.69230769 , 4320.0 , 4034.87179487 , 4007.17948718 , 1725.0 , 1682.0 , 3.109 , 0.0 , 0.0 , 0.0 , 0.0 , 

78.0 , 4414.35897436 , 4386.66666667 , 4415.38461538 , 3683.58974359 , 4383.07692308 , 4534.87179487 , 4479.48717949 , 4538.97435897 , 3915.8974359 , 4104.61538462 , 4287.17948718 , 4323.58974359 , 4031.28205128 , 4002.56410256 , 1724.0 , 1683.0 , 3.109 , 0.0 , 0.0 , 0.0 , 0.0 , 

79.0 , 4421.53846154 , 4387.69230769 , 4416.41025641 , 3685.12820513 , 4382.05128205 , 4545.64102564 , 4486.15384615 , 4545.12820513 , 3920.51282051 , 4104.61538462 , 4288.20512821 , 4323.07692308 , 4031.28205128 , 3997.43589744 , 1726.0 , 1682.0 , 3.125 , 0.0 , 0.0 , 0.0 , 0.0 , 

80.0 , 4440.0 , 4388.71794872 , 4416.41025641 , 3686.66666667 , 4380.51282051 , 4553.33333333 , 4488.20512821 , 4546.66666667 , 3925.12820513 , 4104.61538462 , 4290.25641026 , 4324.1025641 , 4035.8974359 , 3998.97435897 , 1724.0 , 1685.0 , 3.125 , 0.0 , 0.0 , 0.0 , 0.0 , 

81.0 , 4437.94871795 , 4389.74358974 , 4413.84615385 , 3686.15384615 , 4382.56410256 , 4547.69230769 , 4485.64102564 , 4543.58974359 , 3921.53846154 , 4104.61538462 , 4292.82051282 , 4323.58974359 , 4036.92307692 , 4000.51282051 , 1726.0 , 1685.0 , 3.141 , 0.0 , 0.0 , 0.0 , 0.0 , 

82.0 , 4418.46153846 , 4388.71794872 , 4408.71794872 , 3682.56410256 , 4387.17948718 , 4542.05128205 , 4481.02564103 , 4537.94871795 , 3910.25641026 , 4104.61538462 , 4290.25641026 , 4322.05128205 , 4034.35897436 , 3998.97435897 , 1725.0 , 1686.0 , 3.141 , 0.0 , 0.0 , 0.0 , 0.0 , 

83.0 , 4407.17948718 , 4387.17948718 , 4409.23076923 , 3680.51282051 , 4385.64102564 , 4545.12820513 , 4481.53846154 , 4536.92307692 , 3906.66666667 , 4104.1025641 , 4289.74358974 , 4323.07692308 , 4034.87179487 , 3999.48717949 , 1725.0 , 1687.0 , 3.156 , 0.0 , 0.0 , 0.0 , 0.0 , 

84.0 , 4404.61538462 , 4388.20512821 , 4414.35897436 , 3681.02564103 , 4383.07692308 , 4548.20512821 , 4486.15384615 , 4542.56410256 , 3915.38461538 , 4104.61538462 , 4293.33333333 , 4325.12820513 , 4044.1025641 , 4006.66666667 , 1725.0 , 1688.0 , 3.156 , 0.0 , 0.0 , 0.0 , 0.0 , 

85.0 , 4422.05128205 , 4388.20512821 , 4417.94871795 , 3685.12820513 , 4385.12820513 , 4545.64102564 , 4486.15384615 , 4547.69230769 , 3923.58974359 , 4104.61538462 , 4294.35897436 , 4326.66666667 , 4056.41025641 , 4013.33333333 , 1725.0 , 1690.0 , 3.172 , 0.0 , 0.0 , 0.0 , 0.0 , 

86.0 , 4449.74358974 , 4387.17948718 , 4420.51282051 , 3687.69230769 , 4386.66666667 , 4543.07692308 , 4483.07692308 , 4545.12820513 , 3923.07692308 , 4104.1025641 , 4294.35897436 , 4327.69230769 , 4053.84615385 , 4011.79487179 , 1725.0 , 1690.0 , 3.172 , 0.0 , 0.0 , 0.0 , 0.0 , 

87.0 , 4453.33333333 , 4387.17948718 , 4428.20512821 , 3689.74358974 , 4383.07692308 , 4546.15384615 , 4486.66666667 , 4545.64102564 , 3926.66666667 , 4105.64102564 , 4294.35897436 , 4326.66666667 , 4046.66666667 , 4011.28205128 , 1725.0 , 1691.0 , 3.188 , 0.0 , 0.0 , 0.0 , 0.0 , 

88.0 , 4437.43589744 , 4387.17948718 , 4429.74358974 , 3689.23076923 , 4381.53846154 , 4544.61538462 , 4484.1025641 , 4548.71794872 , 3928.20512821 , 4106.66666667 , 4291.28205128 , 4324.61538462 , 4046.66666667 , 4011.28205128 , 1725.0 , 1690.0 , 3.188 , 0.0 , 0.0 , 0.0 , 0.0 , 

89.0 , 4427.69230769 , 4386.66666667 , 4421.02564103 , 3684.1025641 , 4384.1025641 , 4542.05128205 , 4475.38461538 , 4545.64102564 , 3922.05128205 , 4106.15384615 , 4290.76923077 , 4325.64102564 , 4047.17948718 , 4004.1025641 , 1724.0 , 1690.0 , 3.203 , 0.0 , 0.0 , 0.0 , 0.0 , 

90.0 , 4421.02564103 , 4386.15384615 , 4413.33333333 , 3680.0 , 4384.1025641 , 4541.02564103 , 4472.82051282 , 4540.51282051 , 3917.43589744 , 4105.12820513 , 4291.79487179 , 4324.61538462 , 4041.02564103 , 3995.8974359 , 1724.0 , 1690.0 , 3.203 , 0.0 , 0.0 , 0.0 , 0.0 , 

91.0 , 4416.41025641 , 4386.15384615 , 4413.33333333 , 3682.05128205 , 4382.05128205 , 4540.51282051 , 4473.84615385 , 4542.05128205 , 3918.46153846 , 4103.58974359 , 4289.74358974 , 4322.56410256 , 4040.0 , 3996.41025641 , 1725.0 , 1690.0 , 3.219 , 0.0 , 0.0 , 0.0 , 0.0 , 

92.0 , 4416.41025641 , 4387.69230769 , 4414.87179487 , 3682.56410256 , 4385.12820513 , 4543.07692308 , 4471.28205128 , 4541.53846154 , 3918.46153846 , 4103.58974359 , 4289.23076923 , 4324.1025641 , 4047.17948718 , 4000.0 , 1724.0 , 1691.0 , 3.219 , 0.0 , 0.0 , 0.0 , 0.0 , 

93.0 , 4418.46153846 , 4389.74358974 , 4414.35897436 , 3680.0 , 4387.69230769 , 4546.15384615 , 4471.28205128 , 4537.94871795 , 3915.8974359 , 4104.1025641 , 4292.30769231 , 4326.15384615 , 4048.71794872 , 4004.1025641 , 1724.0 , 1691.0 , 3.234 , 0.0 , 0.0 , 0.0 , 0.0 , 

94.0 , 4428.71794872 , 4389.23076923 , 4413.84615385 , 3681.02564103 , 4383.07692308 , 4544.1025641 , 4471.28205128 , 4538.97435897 , 3915.8974359 , 4104.61538462 , 4295.8974359 , 4323.07692308 , 4045.12820513 , 4007.17948718 , 1723.0 , 1690.0 , 3.234 , 0.0 , 0.0 , 0.0 , 0.0 , 

95.0 , 4445.64102564 , 4387.17948718 , 4416.41025641 , 3686.66666667 , 4381.53846154 , 4546.15384615 , 4471.79487179 , 4549.23076923 , 3928.20512821 , 4103.58974359 , 4302.05128205 , 4323.58974359 , 4054.35897436 , 4011.79487179 , 1724.0 , 1689.0 , 3.25 , 0.0 , 0.0 , 0.0 , 0.0 , 

96.0 , 4438.97435897 , 4387.17948718 , 4417.94871795 , 3688.20512821 , 4383.07692308 , 4549.23076923 , 4473.33333333 , 4553.33333333 , 3937.94871795 , 4103.58974359 , 4304.1025641 , 4329.23076923 , 4063.58974359 , 4014.87179487 , 1724.0 , 1688.0 , 3.25 , 0.0 , 0.0 , 0.0 , 0.0 , 

97.0 , 4421.53846154 , 4387.69230769 , 4414.87179487 , 3685.64102564 , 4382.05128205 , 4544.1025641 , 4468.71794872 , 4546.66666667 , 3929.23076923 , 4103.58974359 , 4299.48717949 , 4328.71794872 , 4056.92307692 , 4008.71794872 , 1724.0 , 1687.0 , 3.266 , 0.0 , 0.0 , 0.0 , 0.0 , 

98.0 , 4424.61538462 , 4387.69230769 , 4412.82051282 , 3685.64102564 , 4383.07692308 , 4546.15384615 , 4469.74358974 , 4547.69230769 , 3926.15384615 , 4103.07692308 , 4300.51282051 , 4324.61538462 , 4055.8974359 , 4004.61538462 , 1725.0 , 1684.0 , 3.266 , 0.0 , 0.0 , 0.0 , 0.0 , 

99.0 , 4433.84615385 , 4387.69230769 , 4412.82051282 , 3687.17948718 , 4385.64102564 , 4557.43589744 , 4481.53846154 , 4553.84615385 , 3936.41025641 , 4104.1025641 , 4301.53846154 , 4326.66666667 , 4061.53846154 , 4007.69230769 , 1723.0 , 1684.0 , 3.281 , 0.0 , 0.0 , 0.0 , 0.0 , 

100.0 , 4436.92307692 , 4386.66666667 , 4413.84615385 , 3687.69230769 , 4385.12820513 , 4557.94871795 , 4486.66666667 , 4550.25641026 , 3935.38461538 , 4105.12820513 , 4297.94871795 , 4328.20512821 , 4058.97435897 , 4007.69230769 , 1725.0 , 1680.0 , 3.281 , 0.0 , 0.0 , 0.0 , 0.0 , 

101.0 , 4431.79487179 , 4388.71794872 , 4413.84615385 , 3685.12820513 , 4385.12820513 , 4548.20512821 , 4474.35897436 , 4539.48717949 , 3920.0 , 4104.1025641 , 4293.84615385 , 4326.66666667 , 4048.71794872 , 4001.02564103 , 1724.0 , 1680.0 , 3.297 , 0.0 , 0.0 , 0.0 , 0.0 , 

102.0 , 4418.97435897 , 4390.25641026 , 4412.30769231 , 3678.46153846 , 4388.20512821 , 4541.02564103 , 4461.02564103 , 4532.30769231 , 3907.17948718 , 4103.07692308 , 4292.30769231 , 4326.15384615 , 4037.43589744 , 3997.94871795 , 1724.0 , 1679.0 , 3.297 , 0.0 , 0.0 , 0.0 , 0.0 , 

103.0 , 4411.28205128 , 4389.74358974 , 4410.25641026 , 3675.38461538 , 4387.69230769 , 4535.38461538 , 4461.02564103 , 4529.74358974 , 3903.58974359 , 4104.1025641 , 4291.79487179 , 4323.07692308 , 4034.35897436 , 4000.51282051 , 1724.0 , 1677.0 , 3.313 , 0.0 , 0.0 , 0.0 , 0.0 , 

104.0 , 4432.82051282 , 4387.69230769 , 4414.35897436 , 3681.53846154 , 4383.58974359 , 4538.46153846 , 4468.71794872 , 4536.92307692 , 3913.84615385 , 4104.61538462 , 4293.84615385 , 4324.1025641 , 4048.71794872 , 4005.64102564 , 1724.0 , 1676.0 , 3.313 , 0.0 , 0.0 , 0.0 , 0.0 , 

105.0 , 4451.79487179 , 4386.15384615 , 4419.48717949 , 3686.15384615 , 4383.58974359 , 4545.64102564 , 4475.8974359 , 4544.1025641 , 3925.64102564 , 4104.1025641 , 4293.33333333 , 4329.74358974 , 4060.0 , 4011.28205128 , 1724.0 , 1674.0 , 3.328 , 0.0 , 0.0 , 0.0 , 0.0 , 

106.0 , 4434.35897436 , 4387.69230769 , 4418.97435897 , 3683.58974359 , 4385.12820513 , 4544.61538462 , 4480.0 , 4544.61538462 , 3928.71794872 , 4104.1025641 , 4292.82051282 , 4329.74358974 , 4057.94871795 , 4013.84615385 , 1724.0 , 1670.0 , 3.328 , 0.0 , 0.0 , 0.0 , 0.0 , 

107.0 , 4421.02564103 , 4388.71794872 , 4409.23076923 , 3679.48717949 , 4383.58974359 , 4541.53846154 , 4474.35897436 , 4540.0 , 3922.56410256 , 4104.61538462 , 4293.84615385 , 4325.12820513 , 4052.30769231 , 4008.20512821 , 1724.0 , 1667.0 , 3.344 , 0.0 , 0.0 , 0.0 , 0.0 , 

108.0 , 4428.20512821 , 4388.20512821 , 4404.1025641 , 3679.48717949 , 4381.02564103 , 4547.69230769 , 4471.79487179 , 4536.92307692 , 3915.8974359 , 4104.61538462 , 4290.76923077 , 4323.58974359 , 4049.23076923 , 4001.53846154 , 1723.0 , 1665.0 , 3.344 , 0.0 , 0.0 , 0.0 , 0.0 , 

109.0 , 4428.20512821 , 4388.20512821 , 4410.25641026 , 3683.07692308 , 4381.53846154 , 4550.76923077 , 4477.43589744 , 4538.46153846 , 3914.35897436 , 4104.61538462 , 4287.69230769 , 4325.12820513 , 4049.74358974 , 4002.05128205 , 1723.0 , 1663.0 , 3.359 , 0.0 , 0.0 , 0.0 , 0.0 , 

110.0 , 4428.20512821 , 4388.20512821 , 4412.82051282 , 3686.15384615 , 4382.05128205 , 4547.69230769 , 4475.8974359 , 4541.02564103 , 3916.41025641 , 4104.61538462 , 4290.25641026 , 4326.66666667 , 4054.87179487 , 4005.64102564 , 1722.0 , 1663.0 , 3.359 , 0.0 , 0.0 , 0.0 , 0.0 , 

111.0 , 4443.58974359 , 4387.17948718 , 4408.20512821 , 3684.1025641 , 4382.56410256 , 4550.25641026 , 4472.82051282 , 4540.51282051 , 3915.8974359 , 4104.61538462 , 4290.25641026 , 4326.66666667 , 4054.87179487 , 4008.71794872 , 1723.0 , 1663.0 , 3.375 , 0.0 , 0.0 , 0.0 , 0.0 , 

112.0 , 4451.28205128 , 4386.15384615 , 4411.28205128 , 3685.12820513 , 4383.07692308 , 4558.46153846 , 4477.94871795 , 4540.51282051 , 3920.51282051 , 4104.61538462 , 4289.23076923 , 4325.64102564 , 4051.28205128 , 4010.25641026 , 1722.0 , 1663.0 , 3.375 , 0.0 , 0.0 , 0.0 , 0.0 , 

113.0 , 4454.35897436 , 4387.17948718 , 4417.43589744 , 3692.30769231 , 4382.56410256 , 4562.05128205 , 4478.97435897 , 4542.56410256 , 3929.23076923 , 4104.61538462 , 4291.28205128 , 4325.64102564 , 4056.92307692 , 4009.74358974 , 1723.0 , 1663.0 , 3.391 , 0.0 , 0.0 , 0.0 , 0.0 , 

114.0 , 4448.71794872 , 4387.69230769 , 4406.15384615 , 3689.74358974 , 4382.56410256 , 4550.76923077 , 4467.69230769 , 4537.94871795 , 3921.02564103 , 4104.61538462 , 4290.76923077 , 4325.64102564 , 4056.92307692 , 4004.61538462 , 1722.0 , 1660.0 , 3.391 , 0.0 , 0.0 , 0.0 , 0.0 , 

115.0 , 4421.53846154 , 4387.17948718 , 4396.92307692 , 3682.56410256 , 4383.58974359 , 4540.51282051 , 4462.05128205 , 4534.35897436 , 3913.33333333 , 4104.61538462 , 4290.76923077 , 4324.1025641 , 4051.28205128 , 4001.02564103 , 1723.0 , 1660.0 , 3.407 , 0.0 , 0.0 , 0.0 , 0.0 , 

116.0 , 4397.94871795 , 4386.66666667 , 4405.12820513 , 3683.07692308 , 4382.56410256 , 4544.1025641 , 4468.20512821 , 4537.94871795 , 3925.64102564 , 4104.61538462 , 4294.87179487 , 4326.66666667 , 4059.48717949 , 4002.05128205 , 1722.0 , 1658.0 , 3.407 , 0.0 , 0.0 , 0.0 , 0.0 , 

117.0 , 4406.66666667 , 4386.15384615 , 4410.76923077 , 3684.61538462 , 4382.05128205 , 4550.25641026 , 4474.87179487 , 4542.05128205 , 3933.84615385 , 4104.61538462 , 4295.38461538 , 4327.17948718 , 4073.33333333 , 4002.05128205 , 1722.0 , 1659.0 , 3.422 , 0.0 , 0.0 , 0.0 , 0.0 , 

118.0 , 4421.02564103 , 4386.66666667 , 4401.53846154 , 3680.51282051 , 4385.12820513 , 4545.12820513 , 4473.33333333 , 4538.46153846 , 3924.1025641 , 4104.61538462 , 4291.79487179 , 4323.07692308 , 4070.25641026 , 3995.38461538 , 1723.0 , 1660.0 , 3.422 , 0.0 , 0.0 , 0.0 , 0.0 , 

119.0 , 4413.33333333 , 4386.66666667 , 4398.46153846 , 3681.53846154 , 4386.15384615 , 4546.66666667 , 4472.82051282 , 4539.48717949 , 3924.61538462 , 4104.61538462 , 4292.82051282 , 4321.53846154 , 4070.25641026 , 3993.33333333 , 1723.0 , 1662.0 , 3.438 , 0.0 , 0.0 , 0.0 , 0.0 , 

120.0 , 4403.07692308 , 4386.66666667 , 4404.1025641 , 3687.69230769 , 4382.56410256 , 4559.48717949 , 4478.97435897 , 4545.64102564 , 3937.43589744 , 4104.61538462 , 4296.92307692 , 4323.07692308 , 4084.1025641 , 4000.0 , 1724.0 , 1662.0 , 3.438 , 0.0 , 0.0 , 0.0 , 0.0 , 

121.0 , 4403.07692308 , 4386.66666667 , 4402.56410256 , 3689.23076923 , 4381.53846154 , 4561.53846154 , 4480.0 , 4543.58974359 , 3937.94871795 , 4104.61538462 , 4295.38461538 , 4323.58974359 , 4085.12820513 , 3996.41025641 , 1724.0 , 1661.0 , 3.453 , 0.0 , 0.0 , 0.0 , 0.0 , 

122.0 , 4395.38461538 , 4386.66666667 , 4395.8974359 , 3685.12820513 , 4383.58974359 , 4551.79487179 , 4470.76923077 , 4533.84615385 , 3924.61538462 , 4104.61538462 , 4290.25641026 , 4323.58974359 , 4067.17948718 , 3984.61538462 , 1725.0 , 1658.0 , 3.453 , 0.0 , 0.0 , 0.0 , 0.0 , 

123.0 , 4392.30769231 , 4386.66666667 , 4390.76923077 , 3681.02564103 , 4383.07692308 , 4550.76923077 , 4466.15384615 , 4531.79487179 , 3920.0 , 4104.61538462 , 4288.20512821 , 4322.56410256 , 4058.46153846 , 3981.02564103 , 1724.0 , 1656.0 , 3.469 , 0.0 , 0.0 , 0.0 , 0.0 , 

124.0 , 4404.61538462 , 4386.66666667 , 4393.84615385 , 3682.05128205 , 4382.05128205 , 4554.35897436 , 4470.76923077 , 4537.94871795 , 3927.17948718 , 4104.61538462 , 4289.23076923 , 4321.53846154 , 4063.58974359 , 3985.12820513 , 1724.0 , 1656.0 , 3.469 , 0.0 , 0.0 , 0.0 , 0.0 , 

125.0 , 4408.71794872 , 4386.66666667 , 4401.02564103 , 3686.15384615 , 4383.07692308 , 4550.25641026 , 4474.87179487 , 4540.0 , 3931.79487179 , 4104.61538462 , 4293.33333333 , 4323.58974359 , 4068.71794872 , 3990.76923077 , 1724.0 , 1656.0 , 3.485 , 0.0 , 0.0 , 0.0 , 0.0 , 

126.0 , 4394.87179487 , 4386.15384615 , 4400.51282051 , 3684.1025641 , 4383.58974359 , 4548.20512821 , 4473.33333333 , 4536.92307692 , 3928.71794872 , 4104.61538462 , 4295.8974359 , 4324.1025641 , 4071.28205128 , 3993.33333333 , 1723.0 , 1659.0 , 3.485 , 0.0 , 0.0 , 0.0 , 0.0 , 

127.0 , 4403.58974359 , 4386.66666667 , 4397.94871795 , 3684.1025641 , 4384.61538462 , 4554.35897436 , 4476.41025641 , 4539.48717949 , 3932.30769231 , 4104.61538462 , 4298.97435897 , 4322.56410256 , 4074.87179487 , 3993.33333333 , 1722.0 , 1660.0 , 3.5 , 0.0 , 0.0 , 0.0 , 0.0 , 

128.0 , 4422.05128205 , 4386.66666667 , 4397.94871795 , 3688.71794872 , 4386.15384615 , 4558.97435897 , 4482.05128205 , 4545.64102564 , 3938.46153846 , 4104.61538462 , 4302.56410256 , 4322.56410256 , 4073.84615385 , 3994.87179487 , 1720.0 , 1662.0 , 3.5 , 0.0 , 0.0 , 0.0 , 0.0 , 

0.0 , 4404.1025641 , 4386.15384615 , 4394.35897436 , 3683.07692308 , 4385.64102564 , 4556.41025641 , 4479.48717949 , 4543.58974359 , 3931.79487179 , 4104.61538462 , 4302.05128205 , 4321.53846154 , 4064.61538462 , 3992.82051282 , 1721.0 , 1663.0 , 3.516 , 0.0 , 0.0 , 0.0 , 0.0 , 

1.0 , 4380.0 , 4386.66666667 , 4391.28205128 , 3674.35897436 , 4383.07692308 , 4555.8974359 , 4470.76923077 , 4536.41025641 , 3924.61538462 , 4104.61538462 , 4296.92307692 , 4318.97435897 , 4061.02564103 , 3981.02564103 , 1720.0 , 1666.0 , 3.516 , 0.0 , 0.0 , 0.0 , 0.0 , 

2.0 , 4389.23076923 , 4388.20512821 , 4392.82051282 , 3677.94871795 , 4382.05128205 , 4554.87179487 , 4467.17948718 , 4533.84615385 , 3926.66666667 , 4104.61538462 , 4295.38461538 , 4318.46153846 , 4064.61538462 , 3974.35897436 , 1719.0 , 1668.0 , 3.532 , 0.0 , 0.0 , 0.0 , 0.0 , 

3.0 , 4403.58974359 , 4388.71794872 , 4393.33333333 , 3684.1025641 , 4384.1025641 , 4554.87179487 , 4470.25641026 , 4533.84615385 , 3927.17948718 , 4104.61538462 , 4301.02564103 , 4317.43589744 , 4070.25641026 , 3984.1025641 , 1719.0 , 1669.0 , 3.532 , 0.0 , 0.0 , 0.0 , 0.0 , 

4.0 , 4391.79487179 , 4388.20512821 , 4390.76923077 , 3682.56410256 , 4385.64102564 , 4556.41025641 , 4471.28205128 , 4528.20512821 , 3920.51282051 , 4104.61538462 , 4300.51282051 , 4315.38461538 , 4064.61538462 , 3990.25641026 , 1719.0 , 1669.0 , 3.547 , 0.0 , 0.0 , 0.0 , 0.0 , 

5.0 , 4386.66666667 , 4387.69230769 , 4386.15384615 , 3680.0 , 4384.1025641 , 4555.8974359 , 4467.69230769 , 4523.07692308 , 3913.84615385 , 4104.61538462 , 4293.33333333 , 4316.41025641 , 4052.30769231 , 3985.12820513 , 1717.0 , 1671.0 , 3.547 , 0.0 , 0.0 , 0.0 , 0.0 , 

6.0 , 4387.69230769 , 4387.69230769 , 4382.05128205 , 3682.56410256 , 4382.56410256 , 4553.33333333 , 4466.66666667 , 4525.12820513 , 3910.25641026 , 4104.61538462 , 4291.28205128 , 4318.46153846 , 4048.20512821 , 3980.0 , 1718.0 , 1672.0 , 3.563 , 0.0 , 0.0 , 0.0 , 0.0 , 

7.0 , 4380.51282051 , 4388.20512821 , 4387.69230769 , 3685.12820513 , 4383.58974359 , 4554.35897436 , 4470.76923077 , 4531.28205128 , 3912.82051282 , 4104.61538462 , 4295.8974359 , 4318.97435897 , 4052.30769231 , 3978.97435897 , 1718.0 , 1671.0 , 3.563 , 0.0 , 0.0 , 0.0 , 0.0 , 

8.0 , 4383.07692308 , 4387.69230769 , 4393.84615385 , 3682.05128205 , 4386.66666667 , 4554.35897436 , 4468.71794872 , 4529.23076923 , 3912.82051282 , 4104.61538462 , 4292.82051282 , 4318.97435897 , 4050.76923077 , 3974.87179487 , 1718.0 , 1673.0 , 3.578 , 0.0 , 0.0 , 0.0 , 0.0 , 

9.0 , 4395.38461538 , 4387.17948718 , 4392.82051282 , 3678.97435897 , 4388.20512821 , 4555.38461538 , 4465.64102564 , 4525.12820513 , 3909.23076923 , 4104.61538462 , 4285.12820513 , 4316.92307692 , 4047.17948718 , 3972.82051282 , 1719.0 , 1672.0 , 3.578 , 0.0 , 0.0 , 0.0 , 0.0 , 

10.0 , 4398.46153846 , 4388.71794872 , 4395.38461538 , 3683.58974359 , 4387.69230769 , 4557.94871795 , 4469.74358974 , 4526.66666667 , 3910.25641026 , 4104.61538462 , 4287.69230769 , 4317.43589744 , 4050.25641026 , 3976.41025641 , 1718.0 , 1672.0 , 3.594 , 0.0 , 0.0 , 0.0 , 0.0 , 

11.0 , 4394.87179487 , 4389.23076923 , 4403.07692308 , 3685.64102564 , 4387.69230769 , 4559.48717949 , 4472.30769231 , 4529.23076923 , 3915.8974359 , 4104.61538462 , 4292.30769231 , 4320.51282051 , 4052.82051282 , 3978.46153846 , 1720.0 , 1671.0 , 3.594 , 0.0 , 0.0 , 0.0 , 0.0 , 

12.0 , 4393.33333333 , 4388.20512821 , 4404.61538462 , 3682.05128205 , 4388.20512821 , 4554.87179487 , 4468.20512821 , 4526.66666667 , 3916.92307692 , 4104.61538462 , 4289.23076923 , 4318.97435897 , 4046.66666667 , 3980.51282051 , 1719.0 , 1671.0 , 3.61 , 0.0 , 0.0 , 0.0 , 0.0 , 

13.0 , 4386.15384615 , 4387.17948718 , 4406.15384615 , 3683.07692308 , 4385.64102564 , 4551.79487179 , 4469.23076923 , 4528.71794872 , 3916.92307692 , 4104.61538462 , 4289.23076923 , 4318.46153846 , 4048.71794872 , 3980.0 , 1721.0 , 1671.0 , 3.61 , 0.0 , 0.0 , 0.0 , 0.0 , 

14.0 , 4375.38461538 , 4387.17948718 , 4408.71794872 , 3685.12820513 , 4382.05128205 , 4553.33333333 , 4471.79487179 , 4530.76923077 , 3920.0 , 4104.61538462 , 4293.84615385 , 4322.05128205 , 4054.35897436 , 3974.35897436 , 1721.0 , 1669.0 , 3.625 , 0.0 , 0.0 , 0.0 , 0.0 , 

15.0 , 4380.51282051 , 4388.20512821 , 4407.17948718 , 3679.48717949 , 4382.56410256 , 4553.84615385 , 4468.71794872 , 4527.69230769 , 3918.97435897 , 4104.61538462 , 4290.76923077 , 4322.56410256 , 4047.69230769 , 3975.8974359 , 1723.0 , 1670.0 , 3.625 , 0.0 , 0.0 , 0.0 , 0.0 , 

16.0 , 4401.02564103 , 4388.20512821 , 4409.23076923 , 3676.92307692 , 4384.1025641 , 4550.76923077 , 4469.23076923 , 4528.20512821 , 3916.92307692 , 4104.61538462 , 4286.66666667 , 4321.02564103 , 4043.07692308 , 3986.15384615 , 1724.0 , 1670.0 , 3.641 , 0.0 , 0.0 , 0.0 , 0.0 , 

17.0 , 4410.76923077 , 4387.69230769 , 4417.94871795 , 3683.07692308 , 4384.61538462 , 4551.79487179 , 4475.8974359 , 4534.87179487 , 3919.48717949 , 4104.61538462 , 4290.25641026 , 4325.12820513 , 4058.97435897 , 3993.84615385 , 1726.0 , 1670.0 , 3.641 , 0.0 , 0.0 , 0.0 , 0.0 , 

18.0 , 4409.74358974 , 4387.17948718 , 4425.64102564 , 3690.25641026 , 4384.1025641 , 4558.46153846 , 4480.0 , 4537.43589744 , 3926.15384615 , 4104.61538462 , 4295.38461538 , 4327.17948718 , 4069.23076923 , 3999.48717949 , 1726.0 , 1671.0 , 3.657 , 0.0 , 0.0 , 0.0 , 0.0 , 

19.0 , 4408.71794872 , 4387.69230769 , 4425.64102564 , 3687.17948718 , 4386.15384615 , 4555.38461538 , 4474.87179487 , 4529.23076923 , 3922.05128205 , 4104.61538462 , 4292.30769231 , 4322.56410256 , 4049.23076923 , 3998.46153846 , 1727.0 , 1671.0 , 3.657 , 0.0 , 0.0 , 0.0 , 0.0 , 

20.0 , 4417.43589744 , 4387.17948718 , 4420.51282051 , 3680.0 , 4388.71794872 , 4546.66666667 , 4468.71794872 , 4522.56410256 , 3909.74358974 , 4104.61538462 , 4288.20512821 , 4323.07692308 , 4033.84615385 , 3994.35897436 , 1727.0 , 1673.0 , 3.672 , 0.0 , 0.0 , 0.0 , 0.0 , 

21.0 , 4435.8974359 , 4386.66666667 , 4414.35897436 , 3678.97435897 , 4387.17948718 , 4543.58974359 , 4465.64102564 , 4522.05128205 , 3906.66666667 , 4104.61538462 , 4290.25641026 , 4326.66666667 , 4039.48717949 , 4004.1025641 , 1728.0 , 1674.0 , 3.672 , 0.0 , 0.0 , 0.0 , 0.0 , 

22.0 , 4443.58974359 , 4387.17948718 , 4414.35897436 , 3684.1025641 , 4384.1025641 , 4546.15384615 , 4468.20512821 , 4524.1025641 , 3913.84615385 , 4104.61538462 , 4292.82051282 , 4327.69230769 , 4048.20512821 , 4016.92307692 , 1726.0 , 1677.0 , 3.688 , 0.0 , 0.0 , 0.0 , 0.0 , 

23.0 , 4436.92307692 , 4386.66666667 , 4415.38461538 , 3684.61538462 , 4384.1025641 , 4545.12820513 , 4468.71794872 , 4524.1025641 , 3915.8974359 , 4104.61538462 , 4290.25641026 , 4326.66666667 , 4044.61538462 , 4013.33333333 , 1728.0 , 1677.0 , 3.688 , 0.0 , 0.0 , 0.0 , 0.0 , 

24.0 , 4438.46153846 , 4387.17948718 , 4414.35897436 , 3681.02564103 , 4385.12820513 , 4541.02564103 , 4467.69230769 , 4523.58974359 , 3912.82051282 , 4104.61538462 , 4289.74358974 , 4324.61538462 , 4038.97435897 , 4004.1025641 , 1727.0 , 1679.0 , 3.703 , 0.0 , 0.0 , 0.0 , 0.0 , 

25.0 , 4425.64102564 , 4388.71794872 , 4415.38461538 , 3684.1025641 , 4384.1025641 , 4540.51282051 , 4467.69230769 , 4522.56410256 , 3908.71794872 , 4104.61538462 , 4291.28205128 , 4324.61538462 , 4038.46153846 , 4001.02564103 , 1727.0 , 1680.0 , 3.703 , 0.0 , 0.0 , 0.0 , 0.0 , 

